dataset,backbone,feature_object,training_method,heldout_subject,seed,config_hash,git_sha,kind,pair,consistency,ci_lo,ci_hi,perm_p,snr,n_clusters
BNCI2014_001,dgcnn_forward_graph_adapter,graph_z,erm,1,0,3e050d97cfb776b0f40a811849e681e76844024954b247328c14f732933cd910,f7772f56,multiclass_macro,macro,0.19647069442956108,0.15439899688559477,0.23785007680599832,,,6
BNCI2014_001,dgcnn_forward_graph_adapter,graph_z,erm,1,0,3e050d97cfb776b0f40a811849e681e76844024954b247328c14f732933cd910,f7772f56,multiclass_pair,0v1,0.21412973986445616,0.1457971089666686,0.27844858453517857,0.004975124378109453,1.3088735621456755,8
BNCI2014_001,dgcnn_forward_graph_adapter,graph_z,erm,1,0,3e050d97cfb776b0f40a811849e681e76844024954b247328c14f732933cd910,f7772f56,multiclass_pair,0v2,0.17086491046467017,0.12278637278935821,0.2208059448225968,0.009950248756218905,1.2840024957307836,8
BNCI2014_001,dgcnn_forward_graph_adapter,graph_z,erm,1,0,3e050d97cfb776b0f40a811849e681e76844024954b247328c14f732933cd910,f7772f56,multiclass_pair,0v3,0.08441644831850259,-0.005703077534587739,0.17119987528929553,0.04477611940298507,1.3481555399547978,8
BNCI2014_001,dgcnn_forward_graph_adapter,graph_z,erm,1,0,3e050d97cfb776b0f40a811849e681e76844024954b247328c14f732933cd910,f7772f56,multiclass_pair,1v2,0.12397476821416328,0.04988748609709673,0.1788164450303789,0.024875621890547265,1.727475609395533,8
BNCI2014_001,dgcnn_forward_graph_adapter,graph_z,erm,1,0,3e050d97cfb776b0f40a811849e681e76844024954b247328c14f732933cd910,f7772f56,multiclass_pair,1v3,0.33180354304945014,0.1969193223519906,0.42095423957064604,0.004975124378109453,1.3911742586431137,8
BNCI2014_001,dgcnn_forward_graph_adapter,graph_z,erm,1,0,3e050d97cfb776b0f40a811849e681e76844024954b247328c14f732933cd910,f7772f56,multiclass_pair,2v3,0.25363475666612406,0.14249244887384308,0.3400180742813745,0.009950248756218905,1.3635999768763598,8
BNCI2014_001,dgcnn_forward_graph_adapter,graph_z,erm,1,1,3e050d97cfb776b0f40a811849e681e76844024954b247328c14f732933cd910,f7772f56,multiclass_macro,macro,0.14029151462131764,0.09860811749411924,0.1824970291250839,,,6
BNCI2014_001,dgcnn_forward_graph_adapter,graph_z,erm,1,1,3e050d97cfb776b0f40a811849e681e76844024954b247328c14f732933cd910,f7772f56,multiclass_pair,0v1,0.13576091366819434,0.06789646296992657,0.19854215614265838,0.014925373134328358,1.7308951893537512,8
BNCI2014_001,dgcnn_forward_graph_adapter,graph_z,erm,1,1,3e050d97cfb776b0f40a811849e681e76844024954b247328c14f732933cd910,f7772f56,multiclass_pair,0v2,0.09010172230250044,-0.011730937235049936,0.181028608965572,0.04477611940298507,1.6318698336567083,8
BNCI2014_001,dgcnn_forward_graph_adapter,graph_z,erm,1,1,3e050d97cfb776b0f40a811849e681e76844024954b247328c14f732933cd910,f7772f56,multiclass_pair,0v3,0.08564799015679728,0.019028925473868835,0.15353813778641615,0.07462686567164178,1.1997007002550695,8
BNCI2014_001,dgcnn_forward_graph_adapter,graph_z,erm,1,1,3e050d97cfb776b0f40a811849e681e76844024954b247328c14f732933cd910,f7772f56,multiclass_pair,1v2,0.07783979976207679,0.0005144435130053984,0.14995886086924434,0.07960199004975124,1.801434125905834,8
BNCI2014_001,dgcnn_forward_graph_adapter,graph_z,erm,1,1,3e050d97cfb776b0f40a811849e681e76844024954b247328c14f732933cd910,f7772f56,multiclass_pair,1v3,0.2245903400780896,0.11405985582771176,0.3222146635590864,0.004975124378109453,1.556414605673482,8
BNCI2014_001,dgcnn_forward_graph_adapter,graph_z,erm,1,1,3e050d97cfb776b0f40a811849e681e76844024954b247328c14f732933cd910,f7772f56,multiclass_pair,2v3,0.22780832176024748,0.07606996667196865,0.3481321158339378,0.009950248756218905,1.5179182002681826,8
BNCI2014_001,dgcnn_forward_graph_adapter,graph_z,erm,1,2,3e050d97cfb776b0f40a811849e681e76844024954b247328c14f732933cd910,f7772f56,multiclass_macro,macro,0.30365984118622086,0.2506822800210879,0.3603587560798441,,,6
BNCI2014_001,dgcnn_forward_graph_adapter,graph_z,erm,1,2,3e050d97cfb776b0f40a811849e681e76844024954b247328c14f732933cd910,f7772f56,multiclass_pair,0v1,0.22800949936488343,0.1309605179232838,0.3152470872349034,0.009950248756218905,1.125601047528285,8
BNCI2014_001,dgcnn_forward_graph_adapter,graph_z,erm,1,2,3e050d97cfb776b0f40a811849e681e76844024954b247328c14f732933cd910,f7772f56,multiclass_pair,0v2,0.15394216083653606,0.10146303688357847,0.21004598453649556,0.01990049751243781,1.3292430140668925,8
BNCI2014_001,dgcnn_forward_graph_adapter,graph_z,erm,1,2,3e050d97cfb776b0f40a811849e681e76844024954b247328c14f732933cd910,f7772f56,multiclass_pair,0v3,0.2940470552919443,0.19653149262256087,0.3780282821515862,0.004975124378109453,0.9321379279454156,8
BNCI2014_001,dgcnn_forward_graph_adapter,graph_z,erm,1,2,3e050d97cfb776b0f40a811849e681e76844024954b247328c14f732933cd910,f7772f56,multiclass_pair,1v2,0.12284658762255037,0.07078525969363196,0.17240288472964826,0.03482587064676617,1.1669015844826374,8
BNCI2014_001,dgcnn_forward_graph_adapter,graph_z,erm,1,2,3e050d97cfb776b0f40a811849e681e76844024954b247328c14f732933cd910,f7772f56,multiclass_pair,1v3,0.5260287449202047,0.4061755735263388,0.6098247509475965,0.004975124378109453,1.3494238919220716,8
BNCI2014_001,dgcnn_forward_graph_adapter,graph_z,erm,1,2,3e050d97cfb776b0f40a811849e681e76844024954b247328c14f732933cd910,f7772f56,multiclass_pair,2v3,0.497084999081206,0.402639621625712,0.5681314673694609,0.004975124378109453,1.1411569800839945,8
BNCI2014_001,dgcnn_forward_graph_adapter,graph_z,erm,2,0,3e050d97cfb776b0f40a811849e681e76844024954b247328c14f732933cd910,f7772f56,multiclass_macro,macro,0.2808053717105714,0.23514690483117415,0.32616415872760135,,,6
BNCI2014_001,dgcnn_forward_graph_adapter,graph_z,erm,2,0,3e050d97cfb776b0f40a811849e681e76844024954b247328c14f732933cd910,f7772f56,multiclass_pair,0v1,0.3009413078463479,0.2196364524963571,0.3820096347080407,0.004975124378109453,1.189117279538229,8
BNCI2014_001,dgcnn_forward_graph_adapter,graph_z,erm,2,0,3e050d97cfb776b0f40a811849e681e76844024954b247328c14f732933cd910,f7772f56,multiclass_pair,0v2,0.2910590611128768,0.22000288909783552,0.35131435637056385,0.004975124378109453,1.17993786892096,8
BNCI2014_001,dgcnn_forward_graph_adapter,graph_z,erm,2,0,3e050d97cfb776b0f40a811849e681e76844024954b247328c14f732933cd910,f7772f56,multiclass_pair,0v3,0.19351745792856592,0.11583305726535374,0.26863281209185386,0.004975124378109453,1.055036313497037,8
BNCI2014_001,dgcnn_forward_graph_adapter,graph_z,erm,2,0,3e050d97cfb776b0f40a811849e681e76844024954b247328c14f732933cd910,f7772f56,multiclass_pair,1v2,0.11923115308023266,0.05241030916364329,0.1752221670139805,0.024875621890547265,1.6247569611709558,8
BNCI2014_001,dgcnn_forward_graph_adapter,graph_z,erm,2,0,3e050d97cfb776b0f40a811849e681e76844024954b247328c14f732933cd910,f7772f56,multiclass_pair,1v3,0.4184125471940764,0.2867049010830882,0.5245548403937766,0.004975124378109453,1.4481546029882602,8
BNCI2014_001,dgcnn_forward_graph_adapter,graph_z,erm,2,0,3e050d97cfb776b0f40a811849e681e76844024954b247328c14f732933cd910,f7772f56,multiclass_pair,2v3,0.36167070310132876,0.25289042981126486,0.4537250876819356,0.004975124378109453,1.3925939375380105,8
BNCI2014_001,dgcnn_forward_graph_adapter,graph_z,erm,2,1,3e050d97cfb776b0f40a811849e681e76844024954b247328c14f732933cd910,f7772f56,multiclass_macro,macro,0.24656597980229666,0.18859492105945438,0.301474666518651,,,6
BNCI2014_001,dgcnn_forward_graph_adapter,graph_z,erm,2,1,3e050d97cfb776b0f40a811849e681e76844024954b247328c14f732933cd910,f7772f56,multiclass_pair,0v1,0.2556240382934333,0.18137882226353427,0.32842769078219686,0.004975124378109453,1.3158003570803058,8
BNCI2014_001,dgcnn_forward_graph_adapter,graph_z,erm,2,1,3e050d97cfb776b0f40a811849e681e76844024954b247328c14f732933cd910,f7772f56,multiclass_pair,0v2,0.2362244762527743,0.1063049630511129,0.34543992874643825,0.009950248756218905,1.3436862811957702,8
BNCI2014_001,dgcnn_forward_graph_adapter,graph_z,erm,2,1,3e050d97cfb776b0f40a811849e681e76844024954b247328c14f732933cd910,f7772f56,multiclass_pair,0v3,0.09369946666553994,-0.014081082823065055,0.18754357472568992,0.04477611940298507,1.0181702006392181,8
BNCI2014_001,dgcnn_forward_graph_adapter,graph_z,erm,2,1,3e050d97cfb776b0f40a811849e681e76844024954b247328c14f732933cd910,f7772f56,multiclass_pair,1v2,0.11755727295979138,0.03587190571227796,0.19157436784964849,0.014925373134328358,1.952564807718031,8
BNCI2014_001,dgcnn_forward_graph_adapter,graph_z,erm,2,1,3e050d97cfb776b0f40a811849e681e76844024954b247328c14f732933cd910,f7772f56,multiclass_pair,1v3,0.34647860765095617,0.18719162592261557,0.4560699958230364,0.004975124378109453,1.5717504171682704,8
BNCI2014_001,dgcnn_forward_graph_adapter,graph_z,erm,2,1,3e050d97cfb776b0f40a811849e681e76844024954b247328c14f732933cd910,f7772f56,multiclass_pair,2v3,0.42981201699128485,0.27068506127536873,0.5289538718348541,0.004975124378109453,1.5438321782488,8
BNCI2014_001,dgcnn_forward_graph_adapter,graph_z,erm,2,2,3e050d97cfb776b0f40a811849e681e76844024954b247328c14f732933cd910,f7772f56,multiclass_macro,macro,0.33897036711221734,0.2807822050250063,0.39629291291961843,,,6
BNCI2014_001,dgcnn_forward_graph_adapter,graph_z,erm,2,2,3e050d97cfb776b0f40a811849e681e76844024954b247328c14f732933cd910,f7772f56,multiclass_pair,0v1,0.352543113634142,0.2197567987317244,0.4517654802007598,0.004975124378109453,1.1095549143423507,8
BNCI2014_001,dgcnn_forward_graph_adapter,graph_z,erm,2,2,3e050d97cfb776b0f40a811849e681e76844024954b247328c14f732933cd910,f7772f56,multiclass_pair,0v2,0.2579755438763184,0.15041099095758884,0.34528330621687087,0.004975124378109453,1.0757677747317902,8
BNCI2014_001,dgcnn_forward_graph_adapter,graph_z,erm,2,2,3e050d97cfb776b0f40a811849e681e76844024954b247328c14f732933cd910,f7772f56,multiclass_pair,0v3,0.24798617898472877,0.13964928298827328,0.34717624929766666,0.004975124378109453,1.042648333806259,8
BNCI2014_001,dgcnn_forward_graph_adapter,graph_z,erm,2,2,3e050d97cfb776b0f40a811849e681e76844024954b247328c14f732933cd910,f7772f56,multiclass_pair,1v2,0.14565628822837326,0.08948434887612998,0.2006933349337292,0.029850746268656716,1.7827222738928967,8
BNCI2014_001,dgcnn_forward_graph_adapter,graph_z,erm,2,2,3e050d97cfb776b0f40a811849e681e76844024954b247328c14f732933cd910,f7772f56,multiclass_pair,1v3,0.5302669017805821,0.39687887779441616,0.6250320685817113,0.004975124378109453,1.6100206172159446,8
BNCI2014_001,dgcnn_forward_graph_adapter,graph_z,erm,2,2,3e050d97cfb776b0f40a811849e681e76844024954b247328c14f732933cd910,f7772f56,multiclass_pair,2v3,0.49939417616915954,0.37117913617181436,0.5976566337007778,0.004975124378109453,1.4960427304244195,8
BNCI2014_001,dgcnn_forward_graph_adapter,graph_z,erm,3,0,3e050d97cfb776b0f40a811849e681e76844024954b247328c14f732933cd910,f7772f56,multiclass_macro,macro,0.20898290345402668,0.17281974077843862,0.24403831633730533,,,6
BNCI2014_001,dgcnn_forward_graph_adapter,graph_z,erm,3,0,3e050d97cfb776b0f40a811849e681e76844024954b247328c14f732933cd910,f7772f56,multiclass_pair,0v1,0.23642962759394545,0.1683168524147047,0.30494693587743027,0.004975124378109453,1.1044455357381149,8
BNCI2014_001,dgcnn_forward_graph_adapter,graph_z,erm,3,0,3e050d97cfb776b0f40a811849e681e76844024954b247328c14f732933cd910,f7772f56,multiclass_pair,0v2,0.26763718990192004,0.20212684212802187,0.3283029280961103,0.004975124378109453,1.1190812431634534,8
BNCI2014_001,dgcnn_forward_graph_adapter,graph_z,erm,3,0,3e050d97cfb776b0f40a811849e681e76844024954b247328c14f732933cd910,f7772f56,multiclass_pair,0v3,0.10350084733333191,0.04946209248465005,0.16757388290368921,0.04477611940298507,1.0252208427062603,8
BNCI2014_001,dgcnn_forward_graph_adapter,graph_z,erm,3,0,3e050d97cfb776b0f40a811849e681e76844024954b247328c14f732933cd910,f7772f56,multiclass_pair,1v2,0.13922623231145112,0.09408027004930228,0.1872115668950522,0.024875621890547265,1.2237239290544124,8
BNCI2014_001,dgcnn_forward_graph_adapter,graph_z,erm,3,0,3e050d97cfb776b0f40a811849e681e76844024954b247328c14f732933cd910,f7772f56,multiclass_pair,1v3,0.2671138645216986,0.15188109386327253,0.36713838582692393,0.004975124378109453,1.3118595221650173,8
BNCI2014_001,dgcnn_forward_graph_adapter,graph_z,erm,3,0,3e050d97cfb776b0f40a811849e681e76844024954b247328c14f732933cd910,f7772f56,multiclass_pair,2v3,0.239989659061813,0.14993320056210563,0.3253203098598657,0.004975124378109453,1.2231881194973493,8
BNCI2014_001,dgcnn_forward_graph_adapter,graph_z,erm,3,1,3e050d97cfb776b0f40a811849e681e76844024954b247328c14f732933cd910,f7772f56,multiclass_macro,macro,0.14929162899115764,0.09958836398448784,0.196712358662366,,,6
BNCI2014_001,dgcnn_forward_graph_adapter,graph_z,erm,3,1,3e050d97cfb776b0f40a811849e681e76844024954b247328c14f732933cd910,f7772f56,multiclass_pair,0v1,0.1951550604085272,0.10921064119351641,0.2756913687505642,0.004975124378109453,1.2982159503497108,8
BNCI2014_001,dgcnn_forward_graph_adapter,graph_z,erm,3,1,3e050d97cfb776b0f40a811849e681e76844024954b247328c14f732933cd910,f7772f56,multiclass_pair,0v2,0.2085543585883618,0.08394479186937966,0.3043987735634067,0.004975124378109453,1.4798881695371646,8
BNCI2014_001,dgcnn_forward_graph_adapter,graph_z,erm,3,1,3e050d97cfb776b0f40a811849e681e76844024954b247328c14f732933cd910,f7772f56,multiclass_pair,0v3,0.010029927309790158,-0.07191396336015327,0.08224230747522339,0.31840796019900497,1.0524255518598662,8
BNCI2014_001,dgcnn_forward_graph_adapter,graph_z,erm,3,1,3e050d97cfb776b0f40a811849e681e76844024954b247328c14f732933cd910,f7772f56,multiclass_pair,1v2,0.0593471603029745,-0.013392417294536836,0.11348799324302092,0.07960199004975124,1.507749883062004,8
BNCI2014_001,dgcnn_forward_graph_adapter,graph_z,erm,3,1,3e050d97cfb776b0f40a811849e681e76844024954b247328c14f732933cd910,f7772f56,multiclass_pair,1v3,0.20882141843446428,0.07460748825506373,0.3215590279523344,0.009950248756218905,1.4495666132616172,8
BNCI2014_001,dgcnn_forward_graph_adapter,graph_z,erm,3,1,3e050d97cfb776b0f40a811849e681e76844024954b247328c14f732933cd910,f7772f56,multiclass_pair,2v3,0.2138418489028278,0.06285662159546186,0.33618818252866756,0.009950248756218905,1.4964330470164209,8
BNCI2014_001,dgcnn_forward_graph_adapter,graph_z,erm,3,2,3e050d97cfb776b0f40a811849e681e76844024954b247328c14f732933cd910,f7772f56,multiclass_macro,macro,0.26905889426311974,0.22182917632454305,0.31677083806703143,,,6
BNCI2014_001,dgcnn_forward_graph_adapter,graph_z,erm,3,2,3e050d97cfb776b0f40a811849e681e76844024954b247328c14f732933cd910,f7772f56,multiclass_pair,0v1,0.25032071211556206,0.16821654765603966,0.32672140346164147,0.004975124378109453,1.3878904254846325,8
BNCI2014_001,dgcnn_forward_graph_adapter,graph_z,erm,3,2,3e050d97cfb776b0f40a811849e681e76844024954b247328c14f732933cd910,f7772f56,multiclass_pair,0v2,0.2639854133423603,0.18339411038388814,0.34215646327706023,0.004975124378109453,1.2660313430137577,8
BNCI2014_001,dgcnn_forward_graph_adapter,graph_z,erm,3,2,3e050d97cfb776b0f40a811849e681e76844024954b247328c14f732933cd910,f7772f56,multiclass_pair,0v3,0.20348501050981369,0.12157271126327006,0.28000389845086193,0.004975124378109453,0.9893212723685955,8
BNCI2014_001,dgcnn_forward_graph_adapter,graph_z,erm,3,2,3e050d97cfb776b0f40a811849e681e76844024954b247328c14f732933cd910,f7772f56,multiclass_pair,1v2,0.1234795983457847,0.07325756137436265,0.17675184283217654,0.03482587064676617,1.6155781536657117,8
BNCI2014_001,dgcnn_forward_graph_adapter,graph_z,erm,3,2,3e050d97cfb776b0f40a811849e681e76844024954b247328c14f732933cd910,f7772f56,multiclass_pair,1v3,0.35179607116813244,0.18169229800853426,0.4804437764798824,0.004975124378109453,1.4466625197167364,8
BNCI2014_001,dgcnn_forward_graph_adapter,graph_z,erm,3,2,3e050d97cfb776b0f40a811849e681e76844024954b247328c14f732933cd910,f7772f56,multiclass_pair,2v3,0.42128656009706517,0.32920302036768057,0.5028059445163524,0.004975124378109453,1.281343000357541,8
BNCI2014_001,dgcnn_forward_graph_adapter,graph_z,erm,4,0,3e050d97cfb776b0f40a811849e681e76844024954b247328c14f732933cd910,f7772f56,multiclass_macro,macro,0.24366738595267642,0.20357706402236014,0.28404202133707673,,,6
BNCI2014_001,dgcnn_forward_graph_adapter,graph_z,erm,4,0,3e050d97cfb776b0f40a811849e681e76844024954b247328c14f732933cd910,f7772f56,multiclass_pair,0v1,0.2695200913499534,0.18361979834989653,0.3564641402362773,0.004975124378109453,1.218092008368898,8
BNCI2014_001,dgcnn_forward_graph_adapter,graph_z,erm,4,0,3e050d97cfb776b0f40a811849e681e76844024954b247328c14f732933cd910,f7772f56,multiclass_pair,0v2,0.22893712602223468,0.12933411610581694,0.32138906596842287,0.004975124378109453,1.306660395235324,8
BNCI2014_001,dgcnn_forward_graph_adapter,graph_z,erm,4,0,3e050d97cfb776b0f40a811849e681e76844024954b247328c14f732933cd910,f7772f56,multiclass_pair,0v3,0.15444785941266873,0.09440438997853773,0.2140145673712124,0.024875621890547265,1.056000314137801,8
BNCI2014_001,dgcnn_forward_graph_adapter,graph_z,erm,4,0,3e050d97cfb776b0f40a811849e681e76844024954b247328c14f732933cd910,f7772f56,multiclass_pair,1v2,0.1715568807311804,0.10644269026356142,0.23580807326932293,0.014925373134328358,1.630441340850571,8
BNCI2014_001,dgcnn_forward_graph_adapter,graph_z,erm,4,0,3e050d97cfb776b0f40a811849e681e76844024954b247328c14f732933cd910,f7772f56,multiclass_pair,1v3,0.36376072112019203,0.26246304393500786,0.4563281970482125,0.004975124378109453,1.4045934550766315,8
BNCI2014_001,dgcnn_forward_graph_adapter,graph_z,erm,4,0,3e050d97cfb776b0f40a811849e681e76844024954b247328c14f732933cd910,f7772f56,multiclass_pair,2v3,0.2737816370798293,0.17560803729504246,0.3611836679730438,0.004975124378109453,1.4525428073331252,8
BNCI2014_001,dgcnn_forward_graph_adapter,graph_z,erm,4,1,3e050d97cfb776b0f40a811849e681e76844024954b247328c14f732933cd910,f7772f56,multiclass_macro,macro,0.2173180251047849,0.16275892894104887,0.27015516010214635,,,6
BNCI2014_001,dgcnn_forward_graph_adapter,graph_z,erm,4,1,3e050d97cfb776b0f40a811849e681e76844024954b247328c14f732933cd910,f7772f56,multiclass_pair,0v1,0.2528866019496341,0.1422638763308151,0.36028722655834466,0.004975124378109453,1.1956517450994884,8
BNCI2014_001,dgcnn_forward_graph_adapter,graph_z,erm,4,1,3e050d97cfb776b0f40a811849e681e76844024954b247328c14f732933cd910,f7772f56,multiclass_pair,0v2,0.2130326639066027,0.10433677208418851,0.3149785549175765,0.004975124378109453,1.2464957064965325,8
BNCI2014_001,dgcnn_forward_graph_adapter,graph_z,erm,4,1,3e050d97cfb776b0f40a811849e681e76844024954b247328c14f732933cd910,f7772f56,multiclass_pair,0v3,0.09539354628189671,-0.01901033441237447,0.19399387923776995,0.07462686567164178,1.1420904637610974,8
BNCI2014_001,dgcnn_forward_graph_adapter,graph_z,erm,4,1,3e050d97cfb776b0f40a811849e681e76844024954b247328c14f732933cd910,f7772f56,multiclass_pair,1v2,0.1681200743057613,0.09370860394159546,0.23451622532470215,0.009950248756218905,1.414940365481364,8
BNCI2014_001,dgcnn_forward_graph_adapter,graph_z,erm,4,1,3e050d97cfb776b0f40a811849e681e76844024954b247328c14f732933cd910,f7772f56,multiclass_pair,1v3,0.31920159169581047,0.15884691823454147,0.436473863630363,0.004975124378109453,1.465500488710506,8
BNCI2014_001,dgcnn_forward_graph_adapter,graph_z,erm,4,1,3e050d97cfb776b0f40a811849e681e76844024954b247328c14f732933cd910,f7772f56,multiclass_pair,2v3,0.255273672489004,0.08083482059554642,0.4021852548770129,0.004975124378109453,1.5854316964264206,8
BNCI2014_001,dgcnn_forward_graph_adapter,graph_z,erm,4,2,3e050d97cfb776b0f40a811849e681e76844024954b247328c14f732933cd910,f7772f56,multiclass_macro,macro,0.330549024966804,0.28209353484677935,0.3778746993959909,,,6
BNCI2014_001,dgcnn_forward_graph_adapter,graph_z,erm,4,2,3e050d97cfb776b0f40a811849e681e76844024954b247328c14f732933cd910,f7772f56,multiclass_pair,0v1,0.3071728581647952,0.21332968267314556,0.389659288077424,0.004975124378109453,1.264716235500011,8
BNCI2014_001,dgcnn_forward_graph_adapter,graph_z,erm,4,2,3e050d97cfb776b0f40a811849e681e76844024954b247328c14f732933cd910,f7772f56,multiclass_pair,0v2,0.36297500078355754,0.25340335227989813,0.45364233738211107,0.004975124378109453,1.244927604138627,8
BNCI2014_001,dgcnn_forward_graph_adapter,graph_z,erm,4,2,3e050d97cfb776b0f40a811849e681e76844024954b247328c14f732933cd910,f7772f56,multiclass_pair,0v3,0.32904843306279685,0.24386182393541844,0.407231208464195,0.004975124378109453,1.00724005878318,8
BNCI2014_001,dgcnn_forward_graph_adapter,graph_z,erm,4,2,3e050d97cfb776b0f40a811849e681e76844024954b247328c14f732933cd910,f7772f56,multiclass_pair,1v2,0.11603953111487494,0.04762498796124508,0.17640162026514492,0.029850746268656716,1.6140336189451756,8
BNCI2014_001,dgcnn_forward_graph_adapter,graph_z,erm,4,2,3e050d97cfb776b0f40a811849e681e76844024954b247328c14f732933cd910,f7772f56,multiclass_pair,1v3,0.42552347400344165,0.31157154462688064,0.5244564699627474,0.004975124378109453,1.5565537141899202,8
BNCI2014_001,dgcnn_forward_graph_adapter,graph_z,erm,4,2,3e050d97cfb776b0f40a811849e681e76844024954b247328c14f732933cd910,f7772f56,multiclass_pair,2v3,0.44253485267135784,0.34164503244099853,0.5233454063623177,0.004975124378109453,1.5625097348153991,8
BNCI2014_001,dgcnn_forward_graph_adapter,graph_z,erm,5,0,3e050d97cfb776b0f40a811849e681e76844024954b247328c14f732933cd910,f7772f56,multiclass_macro,macro,0.2559461746404427,0.2065920553571535,0.3056993456876084,,,6
BNCI2014_001,dgcnn_forward_graph_adapter,graph_z,erm,5,0,3e050d97cfb776b0f40a811849e681e76844024954b247328c14f732933cd910,f7772f56,multiclass_pair,0v1,0.24230957102943854,0.10975197586546166,0.3564605099004132,0.004975124378109453,1.3236534456132698,8
BNCI2014_001,dgcnn_forward_graph_adapter,graph_z,erm,5,0,3e050d97cfb776b0f40a811849e681e76844024954b247328c14f732933cd910,f7772f56,multiclass_pair,0v2,0.2344587305140692,0.1661766361373744,0.3046644700935633,0.004975124378109453,1.252881826250495,8
BNCI2014_001,dgcnn_forward_graph_adapter,graph_z,erm,5,0,3e050d97cfb776b0f40a811849e681e76844024954b247328c14f732933cd910,f7772f56,multiclass_pair,0v3,0.17122424993492238,0.08847482289377621,0.25295309627555906,0.004975124378109453,1.1061695240303897,8
BNCI2014_001,dgcnn_forward_graph_adapter,graph_z,erm,5,0,3e050d97cfb776b0f40a811849e681e76844024954b247328c14f732933cd910,f7772f56,multiclass_pair,1v2,0.09759940416409499,0.039489105632240465,0.15055127931793993,0.03482587064676617,1.7963232018174617,8
BNCI2014_001,dgcnn_forward_graph_adapter,graph_z,erm,5,0,3e050d97cfb776b0f40a811849e681e76844024954b247328c14f732933cd910,f7772f56,multiclass_pair,1v3,0.4176856384244209,0.2989890237938727,0.508895739358888,0.004975124378109453,1.5310305143990477,8
BNCI2014_001,dgcnn_forward_graph_adapter,graph_z,erm,5,0,3e050d97cfb776b0f40a811849e681e76844024954b247328c14f732933cd910,f7772f56,multiclass_pair,2v3,0.3723994537757105,0.25067758224170056,0.457565454393172,0.004975124378109453,1.4987559533321173,8
BNCI2014_001,dgcnn_forward_graph_adapter,graph_z,erm,5,1,3e050d97cfb776b0f40a811849e681e76844024954b247328c14f732933cd910,f7772f56,multiclass_macro,macro,0.2802687634643807,0.2257076109991714,0.33198486296917107,,,6
BNCI2014_001,dgcnn_forward_graph_adapter,graph_z,erm,5,1,3e050d97cfb776b0f40a811849e681e76844024954b247328c14f732933cd910,f7772f56,multiclass_pair,0v1,0.2968460109356993,0.21199167463431673,0.38194770409012063,0.004975124378109453,1.27307564424189,8
BNCI2014_001,dgcnn_forward_graph_adapter,graph_z,erm,5,1,3e050d97cfb776b0f40a811849e681e76844024954b247328c14f732933cd910,f7772f56,multiclass_pair,0v2,0.31975537109975266,0.23592511927654045,0.4021351483084542,0.004975124378109453,1.3697292213490793,8
BNCI2014_001,dgcnn_forward_graph_adapter,graph_z,erm,5,1,3e050d97cfb776b0f40a811849e681e76844024954b247328c14f732933cd910,f7772f56,multiclass_pair,0v3,0.14690714571706995,0.01922950531388406,0.24582890413129127,0.024875621890547265,1.135974095226156,8
BNCI2014_001,dgcnn_forward_graph_adapter,graph_z,erm,5,1,3e050d97cfb776b0f40a811849e681e76844024954b247328c14f732933cd910,f7772f56,multiclass_pair,1v2,0.12684261744596223,0.04642390878165891,0.19766255004325228,0.024875621890547265,1.7648515097053479,8
BNCI2014_001,dgcnn_forward_graph_adapter,graph_z,erm,5,1,3e050d97cfb776b0f40a811849e681e76844024954b247328c14f732933cd910,f7772f56,multiclass_pair,1v3,0.4305213862992929,0.341576749125533,0.5126244802738477,0.004975124378109453,1.6062398491423264,8
BNCI2014_001,dgcnn_forward_graph_adapter,graph_z,erm,5,1,3e050d97cfb776b0f40a811849e681e76844024954b247328c14f732933cd910,f7772f56,multiclass_pair,2v3,0.36074004928850706,0.18886368814682633,0.4657061357281335,0.004975124378109453,1.6254261142087356,8
BNCI2014_001,dgcnn_forward_graph_adapter,graph_z,erm,5,2,3e050d97cfb776b0f40a811849e681e76844024954b247328c14f732933cd910,f7772f56,multiclass_macro,macro,0.331158181162758,0.285954328107959,0.3744321467238132,,,6
BNCI2014_001,dgcnn_forward_graph_adapter,graph_z,erm,5,2,3e050d97cfb776b0f40a811849e681e76844024954b247328c14f732933cd910,f7772f56,multiclass_pair,0v1,0.3242515257245176,0.22934206425944004,0.40574456537400433,0.004975124378109453,1.338033598903618,8
BNCI2014_001,dgcnn_forward_graph_adapter,graph_z,erm,5,2,3e050d97cfb776b0f40a811849e681e76844024954b247328c14f732933cd910,f7772f56,multiclass_pair,0v2,0.3617503133066157,0.316775290961555,0.40887188856258333,0.004975124378109453,1.4226312332501443,8
BNCI2014_001,dgcnn_forward_graph_adapter,graph_z,erm,5,2,3e050d97cfb776b0f40a811849e681e76844024954b247328c14f732933cd910,f7772f56,multiclass_pair,0v3,0.23296002954338643,0.1411481196242524,0.31821438522136225,0.004975124378109453,1.0153020470157714,8
BNCI2014_001,dgcnn_forward_graph_adapter,graph_z,erm,5,2,3e050d97cfb776b0f40a811849e681e76844024954b247328c14f732933cd910,f7772f56,multiclass_pair,1v2,0.17781411634638244,0.0965221504168819,0.24968060274510298,0.004975124378109453,1.7788411738799497,8
BNCI2014_001,dgcnn_forward_graph_adapter,graph_z,erm,5,2,3e050d97cfb776b0f40a811849e681e76844024954b247328c14f732933cd910,f7772f56,multiclass_pair,1v3,0.45190630111975505,0.3210840088559,0.5396189004220224,0.004975124378109453,1.5134363842348626,8
BNCI2014_001,dgcnn_forward_graph_adapter,graph_z,erm,5,2,3e050d97cfb776b0f40a811849e681e76844024954b247328c14f732933cd910,f7772f56,multiclass_pair,2v3,0.43826680093589093,0.3775619067411152,0.49090080112474177,0.004975124378109453,1.5569765249992036,8
BNCI2014_001,dgcnn_forward_graph_adapter,graph_z,erm,6,0,3e050d97cfb776b0f40a811849e681e76844024954b247328c14f732933cd910,f7772f56,multiclass_macro,macro,0.2631150680306991,0.22300163192572606,0.30416181470798703,,,6
BNCI2014_001,dgcnn_forward_graph_adapter,graph_z,erm,6,0,3e050d97cfb776b0f40a811849e681e76844024954b247328c14f732933cd910,f7772f56,multiclass_pair,0v1,0.3229000875048042,0.2504297049386815,0.38462721631995433,0.004975124378109453,1.6003369411183088,8
BNCI2014_001,dgcnn_forward_graph_adapter,graph_z,erm,6,0,3e050d97cfb776b0f40a811849e681e76844024954b247328c14f732933cd910,f7772f56,multiclass_pair,0v2,0.12494250211191223,0.04690813172411,0.20018213518487363,0.014925373134328358,1.5351522443450243,8
BNCI2014_001,dgcnn_forward_graph_adapter,graph_z,erm,6,0,3e050d97cfb776b0f40a811849e681e76844024954b247328c14f732933cd910,f7772f56,multiclass_pair,0v3,0.27218052760271355,0.19300015981656723,0.3435871101270631,0.004975124378109453,1.0420652540689013,8
BNCI2014_001,dgcnn_forward_graph_adapter,graph_z,erm,6,0,3e050d97cfb776b0f40a811849e681e76844024954b247328c14f732933cd910,f7772f56,multiclass_pair,1v2,0.14703566301795634,0.10953675991326357,0.18491503982770974,0.01990049751243781,1.9039272021428333,8
BNCI2014_001,dgcnn_forward_graph_adapter,graph_z,erm,6,0,3e050d97cfb776b0f40a811849e681e76844024954b247328c14f732933cd910,f7772f56,multiclass_pair,1v3,0.4056700500844736,0.3141350143304368,0.49095442621438184,0.004975124378109453,1.6729664555322548,8
BNCI2014_001,dgcnn_forward_graph_adapter,graph_z,erm,6,0,3e050d97cfb776b0f40a811849e681e76844024954b247328c14f732933cd910,f7772f56,multiclass_pair,2v3,0.3059615778623347,0.22689796278269492,0.3743526209968536,0.004975124378109453,1.6306067214904933,8
BNCI2014_001,dgcnn_forward_graph_adapter,graph_z,erm,6,1,3e050d97cfb776b0f40a811849e681e76844024954b247328c14f732933cd910,f7772f56,multiclass_macro,macro,0.23802178409919614,0.17923625687459369,0.2936429805408023,,,6
BNCI2014_001,dgcnn_forward_graph_adapter,graph_z,erm,6,1,3e050d97cfb776b0f40a811849e681e76844024954b247328c14f732933cd910,f7772f56,multiclass_pair,0v1,0.2697621155096506,0.14933360317865926,0.37700170464928673,0.004975124378109453,1.124801925849108,8
BNCI2014_001,dgcnn_forward_graph_adapter,graph_z,erm,6,1,3e050d97cfb776b0f40a811849e681e76844024954b247328c14f732933cd910,f7772f56,multiclass_pair,0v2,0.2415073691614971,0.12828783672655972,0.3458385476707652,0.009950248756218905,1.0748743041007462,8
BNCI2014_001,dgcnn_forward_graph_adapter,graph_z,erm,6,1,3e050d97cfb776b0f40a811849e681e76844024954b247328c14f732933cd910,f7772f56,multiclass_pair,0v3,0.16681079844986255,0.002412002464698429,0.2670402925347362,0.004975124378109453,0.9475137466388095,8
BNCI2014_001,dgcnn_forward_graph_adapter,graph_z,erm,6,1,3e050d97cfb776b0f40a811849e681e76844024954b247328c14f732933cd910,f7772f56,multiclass_pair,1v2,0.09421659493437318,0.006997321507845368,0.1771557339497159,0.029850746268656716,1.6312013439507766,8
BNCI2014_001,dgcnn_forward_graph_adapter,graph_z,erm,6,1,3e050d97cfb776b0f40a811849e681e76844024954b247328c14f732933cd910,f7772f56,multiclass_pair,1v3,0.3825308261902385,0.27893902170852947,0.4800643763445672,0.004975124378109453,1.4600822786150032,8
BNCI2014_001,dgcnn_forward_graph_adapter,graph_z,erm,6,1,3e050d97cfb776b0f40a811849e681e76844024954b247328c14f732933cd910,f7772f56,multiclass_pair,2v3,0.27330300034955485,0.0836935084675713,0.41092561912130376,0.009950248756218905,1.3696867168896592,8
BNCI2014_001,dgcnn_forward_graph_adapter,graph_z,erm,6,2,3e050d97cfb776b0f40a811849e681e76844024954b247328c14f732933cd910,f7772f56,multiclass_macro,macro,0.30296700099776774,0.25602780083980886,0.3472870766168893,,,6
BNCI2014_001,dgcnn_forward_graph_adapter,graph_z,erm,6,2,3e050d97cfb776b0f40a811849e681e76844024954b247328c14f732933cd910,f7772f56,multiclass_pair,0v1,0.29703785458153564,0.17822894360949856,0.3965597353044878,0.004975124378109453,1.2418158053946435,8
BNCI2014_001,dgcnn_forward_graph_adapter,graph_z,erm,6,2,3e050d97cfb776b0f40a811849e681e76844024954b247328c14f732933cd910,f7772f56,multiclass_pair,0v2,0.2812629386526578,0.15959420446017852,0.3657650914435635,0.004975124378109453,1.2332977116156578,8
BNCI2014_001,dgcnn_forward_graph_adapter,graph_z,erm,6,2,3e050d97cfb776b0f40a811849e681e76844024954b247328c14f732933cd910,f7772f56,multiclass_pair,0v3,0.26452231682759475,0.1883337335791189,0.3400996766159247,0.004975124378109453,1.0444978731351644,8
BNCI2014_001,dgcnn_forward_graph_adapter,graph_z,erm,6,2,3e050d97cfb776b0f40a811849e681e76844024954b247328c14f732933cd910,f7772f56,multiclass_pair,1v2,0.20758712156103837,0.16189034675325603,0.2608111447153838,0.004975124378109453,1.8315997211783204,8
BNCI2014_001,dgcnn_forward_graph_adapter,graph_z,erm,6,2,3e050d97cfb776b0f40a811849e681e76844024954b247328c14f732933cd910,f7772f56,multiclass_pair,1v3,0.3443110431397451,0.18964080773876818,0.4702426368208101,0.004975124378109453,1.5470252165646214,8
BNCI2014_001,dgcnn_forward_graph_adapter,graph_z,erm,6,2,3e050d97cfb776b0f40a811849e681e76844024954b247328c14f732933cd910,f7772f56,multiclass_pair,2v3,0.42308073122403483,0.3101900778632982,0.5070745544762572,0.004975124378109453,1.5506973089682787,8
BNCI2014_001,dgcnn_forward_graph_adapter,graph_z,erm,7,0,3e050d97cfb776b0f40a811849e681e76844024954b247328c14f732933cd910,f7772f56,multiclass_macro,macro,0.2560769180471563,0.21786703915518812,0.29361081705731035,,,6
BNCI2014_001,dgcnn_forward_graph_adapter,graph_z,erm,7,0,3e050d97cfb776b0f40a811849e681e76844024954b247328c14f732933cd910,f7772f56,multiclass_pair,0v1,0.22424703267691032,0.11882565464941601,0.32847454760698463,0.004975124378109453,1.4674635928542994,8
BNCI2014_001,dgcnn_forward_graph_adapter,graph_z,erm,7,0,3e050d97cfb776b0f40a811849e681e76844024954b247328c14f732933cd910,f7772f56,multiclass_pair,0v2,0.23813147065367204,0.1569167428670441,0.31949231863203253,0.004975124378109453,1.4160292028228787,8
BNCI2014_001,dgcnn_forward_graph_adapter,graph_z,erm,7,0,3e050d97cfb776b0f40a811849e681e76844024954b247328c14f732933cd910,f7772f56,multiclass_pair,0v3,0.26331379853713954,0.21924280661154347,0.3110425022457882,0.004975124378109453,1.0015751894442695,8
BNCI2014_001,dgcnn_forward_graph_adapter,graph_z,erm,7,0,3e050d97cfb776b0f40a811849e681e76844024954b247328c14f732933cd910,f7772f56,multiclass_pair,1v2,0.12087708836049625,0.051482693290569224,0.19296875254109908,0.03482587064676617,1.784362097943848,8
BNCI2014_001,dgcnn_forward_graph_adapter,graph_z,erm,7,0,3e050d97cfb776b0f40a811849e681e76844024954b247328c14f732933cd910,f7772f56,multiclass_pair,1v3,0.35410837041757476,0.27897780263753835,0.4268192086458856,0.004975124378109453,1.5634207989440596,8
BNCI2014_001,dgcnn_forward_graph_adapter,graph_z,erm,7,0,3e050d97cfb776b0f40a811849e681e76844024954b247328c14f732933cd910,f7772f56,multiclass_pair,2v3,0.33578374763714497,0.2653477219550028,0.4065340552901784,0.004975124378109453,1.6030617369854656,8
BNCI2014_001,dgcnn_forward_graph_adapter,graph_z,erm,7,1,3e050d97cfb776b0f40a811849e681e76844024954b247328c14f732933cd910,f7772f56,multiclass_macro,macro,0.2648125023608364,0.20506430278084226,0.320119240130044,,,6
BNCI2014_001,dgcnn_forward_graph_adapter,graph_z,erm,7,1,3e050d97cfb776b0f40a811849e681e76844024954b247328c14f732933cd910,f7772f56,multiclass_pair,0v1,0.39655778552265664,0.2904432254312423,0.48142132914442926,0.004975124378109453,0.9582161766035501,8
BNCI2014_001,dgcnn_forward_graph_adapter,graph_z,erm,7,1,3e050d97cfb776b0f40a811849e681e76844024954b247328c14f732933cd910,f7772f56,multiclass_pair,0v2,0.34031047095973094,0.2641272417779784,0.41643271456759545,0.004975124378109453,0.9255776000775524,8
BNCI2014_001,dgcnn_forward_graph_adapter,graph_z,erm,7,1,3e050d97cfb776b0f40a811849e681e76844024954b247328c14f732933cd910,f7772f56,multiclass_pair,0v3,0.1118086486328715,-0.0059055613573867575,0.20232350499544902,0.04477611940298507,0.8825082406691827,8
BNCI2014_001,dgcnn_forward_graph_adapter,graph_z,erm,7,1,3e050d97cfb776b0f40a811849e681e76844024954b247328c14f732933cd910,f7772f56,multiclass_pair,1v2,0.11327881045401629,0.0357242523912647,0.18528870030499775,0.024875621890547265,1.751385664140173,8
BNCI2014_001,dgcnn_forward_graph_adapter,graph_z,erm,7,1,3e050d97cfb776b0f40a811849e681e76844024954b247328c14f732933cd910,f7772f56,multiclass_pair,1v3,0.3752883713510156,0.26348863633827013,0.4807931977466348,0.004975124378109453,1.3380575208985073,8
BNCI2014_001,dgcnn_forward_graph_adapter,graph_z,erm,7,1,3e050d97cfb776b0f40a811849e681e76844024954b247328c14f732933cd910,f7772f56,multiclass_pair,2v3,0.2516309272447274,0.05093253444978823,0.3916914230018042,0.004975124378109453,1.2728432179328508,8
BNCI2014_001,dgcnn_forward_graph_adapter,graph_z,erm,7,2,3e050d97cfb776b0f40a811849e681e76844024954b247328c14f732933cd910,f7772f56,multiclass_macro,macro,0.28567316221433126,0.23458900244612585,0.33461830391203096,,,6
BNCI2014_001,dgcnn_forward_graph_adapter,graph_z,erm,7,2,3e050d97cfb776b0f40a811849e681e76844024954b247328c14f732933cd910,f7772f56,multiclass_pair,0v1,0.21307181493706984,0.11097630590602771,0.30668439331890573,0.009950248756218905,1.1967268324895772,8
BNCI2014_001,dgcnn_forward_graph_adapter,graph_z,erm,7,2,3e050d97cfb776b0f40a811849e681e76844024954b247328c14f732933cd910,f7772f56,multiclass_pair,0v2,0.31453076861882984,0.22301907722162767,0.38654699020304195,0.004975124378109453,1.2834635020742329,8
BNCI2014_001,dgcnn_forward_graph_adapter,graph_z,erm,7,2,3e050d97cfb776b0f40a811849e681e76844024954b247328c14f732933cd910,f7772f56,multiclass_pair,0v3,0.2092647220336639,0.10427301516677802,0.30691078185766363,0.004975124378109453,0.9713454756020204,8
BNCI2014_001,dgcnn_forward_graph_adapter,graph_z,erm,7,2,3e050d97cfb776b0f40a811849e681e76844024954b247328c14f732933cd910,f7772f56,multiclass_pair,1v2,0.1777908107972487,0.08834509631853527,0.25915165931527046,0.004975124378109453,1.8314804660572879,8
BNCI2014_001,dgcnn_forward_graph_adapter,graph_z,erm,7,2,3e050d97cfb776b0f40a811849e681e76844024954b247328c14f732933cd910,f7772f56,multiclass_pair,1v3,0.3708623996342481,0.20725859442873332,0.49649816679638636,0.004975124378109453,1.471208429052203,8
BNCI2014_001,dgcnn_forward_graph_adapter,graph_z,erm,7,2,3e050d97cfb776b0f40a811849e681e76844024954b247328c14f732933cd910,f7772f56,multiclass_pair,2v3,0.42851845726492727,0.3487483589385848,0.5020440104663361,0.004975124378109453,1.551462915472547,8
BNCI2014_001,dgcnn_forward_graph_adapter,graph_z,erm,8,0,3e050d97cfb776b0f40a811849e681e76844024954b247328c14f732933cd910,f7772f56,multiclass_macro,macro,0.281527399090868,0.2338437099519782,0.3314855156873942,,,6
BNCI2014_001,dgcnn_forward_graph_adapter,graph_z,erm,8,0,3e050d97cfb776b0f40a811849e681e76844024954b247328c14f732933cd910,f7772f56,multiclass_pair,0v1,0.25878190794511396,0.15791088024101615,0.3587466332405606,0.004975124378109453,0.9412084389585299,8
BNCI2014_001,dgcnn_forward_graph_adapter,graph_z,erm,8,0,3e050d97cfb776b0f40a811849e681e76844024954b247328c14f732933cd910,f7772f56,multiclass_pair,0v2,0.16311992001328784,0.09772896065739799,0.2189018252215432,0.029850746268656716,1.009467231275021,8
BNCI2014_001,dgcnn_forward_graph_adapter,graph_z,erm,8,0,3e050d97cfb776b0f40a811849e681e76844024954b247328c14f732933cd910,f7772f56,multiclass_pair,0v3,0.31719282592447423,0.24275601641788683,0.3914398371493224,0.004975124378109453,0.7038448166240627,8
BNCI2014_001,dgcnn_forward_graph_adapter,graph_z,erm,8,0,3e050d97cfb776b0f40a811849e681e76844024954b247328c14f732933cd910,f7772f56,multiclass_pair,1v2,0.0916856001240811,0.05460426365636578,0.13078698575973038,0.12935323383084577,1.2360487141626157,8
BNCI2014_001,dgcnn_forward_graph_adapter,graph_z,erm,8,0,3e050d97cfb776b0f40a811849e681e76844024954b247328c14f732933cd910,f7772f56,multiclass_pair,1v3,0.4651692964945915,0.3679841014961526,0.5470372634099553,0.004975124378109453,1.0894960932870321,8
BNCI2014_001,dgcnn_forward_graph_adapter,graph_z,erm,8,0,3e050d97cfb776b0f40a811849e681e76844024954b247328c14f732933cd910,f7772f56,multiclass_pair,2v3,0.3932148440436595,0.2905387197786154,0.47031423001794254,0.004975124378109453,1.0387382701775787,8
BNCI2014_001,dgcnn_forward_graph_adapter,graph_z,erm,8,1,3e050d97cfb776b0f40a811849e681e76844024954b247328c14f732933cd910,f7772f56,multiclass_macro,macro,0.2092899529913589,0.14220146830645794,0.2724220281960101,,,6
BNCI2014_001,dgcnn_forward_graph_adapter,graph_z,erm,8,1,3e050d97cfb776b0f40a811849e681e76844024954b247328c14f732933cd910,f7772f56,multiclass_pair,0v1,0.3023182787747043,0.18894768276462373,0.4072758201790049,0.004975124378109453,0.8868617765887308,8
BNCI2014_001,dgcnn_forward_graph_adapter,graph_z,erm,8,1,3e050d97cfb776b0f40a811849e681e76844024954b247328c14f732933cd910,f7772f56,multiclass_pair,0v2,0.2703798862282312,0.1599050977135096,0.37273233144569723,0.004975124378109453,0.8994541010320963,8
BNCI2014_001,dgcnn_forward_graph_adapter,graph_z,erm,8,1,3e050d97cfb776b0f40a811849e681e76844024954b247328c14f732933cd910,f7772f56,multiclass_pair,0v3,0.06632449860960406,-0.07631616022614843,0.18517404200507384,0.0945273631840796,0.8101938831467665,8
BNCI2014_001,dgcnn_forward_graph_adapter,graph_z,erm,8,1,3e050d97cfb776b0f40a811849e681e76844024954b247328c14f732933cd910,f7772f56,multiclass_pair,1v2,0.07622919759552882,-0.012279190543565225,0.16075080295390792,0.05970149253731343,1.7101731543205103,8
BNCI2014_001,dgcnn_forward_graph_adapter,graph_z,erm,8,1,3e050d97cfb776b0f40a811849e681e76844024954b247328c14f732933cd910,f7772f56,multiclass_pair,1v3,0.34565982359503666,0.1942457181761328,0.4713171235496454,0.004975124378109453,1.2822329298348896,8
BNCI2014_001,dgcnn_forward_graph_adapter,graph_z,erm,8,1,3e050d97cfb776b0f40a811849e681e76844024954b247328c14f732933cd910,f7772f56,multiclass_pair,2v3,0.19482803314504848,-0.03715544488411706,0.37459540457428564,0.004975124378109453,1.314414114708638,8
BNCI2014_001,dgcnn_forward_graph_adapter,graph_z,erm,8,2,3e050d97cfb776b0f40a811849e681e76844024954b247328c14f732933cd910,f7772f56,multiclass_macro,macro,0.22164679069095417,0.1679836383744076,0.2743892255548469,,,6
BNCI2014_001,dgcnn_forward_graph_adapter,graph_z,erm,8,2,3e050d97cfb776b0f40a811849e681e76844024954b247328c14f732933cd910,f7772f56,multiclass_pair,0v1,0.1611010563862861,0.06456010870258305,0.24516491781144173,0.009950248756218905,1.2612604923603163,8
BNCI2014_001,dgcnn_forward_graph_adapter,graph_z,erm,8,2,3e050d97cfb776b0f40a811849e681e76844024954b247328c14f732933cd910,f7772f56,multiclass_pair,0v2,0.17934396021511265,0.051565223504185874,0.2838623886976426,0.004975124378109453,1.3452144192322564,8
BNCI2014_001,dgcnn_forward_graph_adapter,graph_z,erm,8,2,3e050d97cfb776b0f40a811849e681e76844024954b247328c14f732933cd910,f7772f56,multiclass_pair,0v3,0.23917785567801417,0.14735692211638812,0.33092999684084595,0.004975124378109453,0.8479031179942433,8
BNCI2014_001,dgcnn_forward_graph_adapter,graph_z,erm,8,2,3e050d97cfb776b0f40a811849e681e76844024954b247328c14f732933cd910,f7772f56,multiclass_pair,1v2,0.05625868113039941,-0.020106554145669673,0.1307959940809143,0.15920398009950248,1.5541819574981648,8
BNCI2014_001,dgcnn_forward_graph_adapter,graph_z,erm,8,2,3e050d97cfb776b0f40a811849e681e76844024954b247328c14f732933cd910,f7772f56,multiclass_pair,1v3,0.3076263551367569,0.13613782370225438,0.44203822592123426,0.004975124378109453,1.3961946155988012,8
BNCI2014_001,dgcnn_forward_graph_adapter,graph_z,erm,8,2,3e050d97cfb776b0f40a811849e681e76844024954b247328c14f732933cd910,f7772f56,multiclass_pair,2v3,0.38637283559915575,0.27378141137139417,0.46899298263936695,0.004975124378109453,1.4004052203062252,8
BNCI2014_001,dgcnn_forward_graph_adapter,graph_z,erm,9,0,3e050d97cfb776b0f40a811849e681e76844024954b247328c14f732933cd910,f7772f56,multiclass_macro,macro,0.2466124846383374,0.21046120436527668,0.285536387836708,,,6
BNCI2014_001,dgcnn_forward_graph_adapter,graph_z,erm,9,0,3e050d97cfb776b0f40a811849e681e76844024954b247328c14f732933cd910,f7772f56,multiclass_pair,0v1,0.24179109604895402,0.1692810697700135,0.32102652167638324,0.004975124378109453,0.9118028282602111,8
BNCI2014_001,dgcnn_forward_graph_adapter,graph_z,erm,9,0,3e050d97cfb776b0f40a811849e681e76844024954b247328c14f732933cd910,f7772f56,multiclass_pair,0v2,0.1875388538177624,0.1575151593649772,0.21855731655174396,0.009950248756218905,1.1873837691588511,8
BNCI2014_001,dgcnn_forward_graph_adapter,graph_z,erm,9,0,3e050d97cfb776b0f40a811849e681e76844024954b247328c14f732933cd910,f7772f56,multiclass_pair,0v3,0.2168963347334045,0.15928371191149626,0.28399813138728613,0.004975124378109453,0.8574752904035925,8
BNCI2014_001,dgcnn_forward_graph_adapter,graph_z,erm,9,0,3e050d97cfb776b0f40a811849e681e76844024954b247328c14f732933cd910,f7772f56,multiclass_pair,1v2,0.12784901200765988,0.07332360851883944,0.17625368093009136,0.03980099502487562,1.2143606146837151,8
BNCI2014_001,dgcnn_forward_graph_adapter,graph_z,erm,9,0,3e050d97cfb776b0f40a811849e681e76844024954b247328c14f732933cd910,f7772f56,multiclass_pair,1v3,0.3949019381858408,0.30696253512167687,0.4813752700456692,0.004975124378109453,1.2502058551672364,8
BNCI2014_001,dgcnn_forward_graph_adapter,graph_z,erm,9,0,3e050d97cfb776b0f40a811849e681e76844024954b247328c14f732933cd910,f7772f56,multiclass_pair,2v3,0.3106976730364028,0.2271585746481452,0.39139915296412914,0.004975124378109453,1.230479936839119,8
BNCI2014_001,dgcnn_forward_graph_adapter,graph_z,erm,9,1,3e050d97cfb776b0f40a811849e681e76844024954b247328c14f732933cd910,f7772f56,multiclass_macro,macro,0.22097971781257872,0.16694868588726747,0.2719207778238029,,,6
BNCI2014_001,dgcnn_forward_graph_adapter,graph_z,erm,9,1,3e050d97cfb776b0f40a811849e681e76844024954b247328c14f732933cd910,f7772f56,multiclass_pair,0v1,0.232418280841472,0.16849832128815362,0.30576457419752123,0.004975124378109453,0.8736695544883749,8
BNCI2014_001,dgcnn_forward_graph_adapter,graph_z,erm,9,1,3e050d97cfb776b0f40a811849e681e76844024954b247328c14f732933cd910,f7772f56,multiclass_pair,0v2,0.22839255386705673,0.15108348781753364,0.29739231117147297,0.009950248756218905,1.109375514421832,8
BNCI2014_001,dgcnn_forward_graph_adapter,graph_z,erm,9,1,3e050d97cfb776b0f40a811849e681e76844024954b247328c14f732933cd910,f7772f56,multiclass_pair,0v3,0.1326485161701006,-0.0008725842865521479,0.23585429810531633,0.029850746268656716,0.9485984425605585,8
BNCI2014_001,dgcnn_forward_graph_adapter,graph_z,erm,9,1,3e050d97cfb776b0f40a811849e681e76844024954b247328c14f732933cd910,f7772f56,multiclass_pair,1v2,0.09435743089418057,-0.0008740657720015792,0.17744632609906227,0.029850746268656716,1.587824164456907,8
BNCI2014_001,dgcnn_forward_graph_adapter,graph_z,erm,9,1,3e050d97cfb776b0f40a811849e681e76844024954b247328c14f732933cd910,f7772f56,multiclass_pair,1v3,0.39144710301204283,0.30237388267153636,0.4811939168961583,0.004975124378109453,1.2590569671135576,8
BNCI2014_001,dgcnn_forward_graph_adapter,graph_z,erm,9,1,3e050d97cfb776b0f40a811849e681e76844024954b247328c14f732933cd910,f7772f56,multiclass_pair,2v3,0.24661442209061948,0.06026044372279178,0.3876944373440202,0.004975124378109453,1.3949145043864601,8
BNCI2014_001,dgcnn_forward_graph_adapter,graph_z,erm,9,2,3e050d97cfb776b0f40a811849e681e76844024954b247328c14f732933cd910,f7772f56,multiclass_macro,macro,0.20315427280436651,0.15418479764394935,0.25266635105089713,,,6
BNCI2014_001,dgcnn_forward_graph_adapter,graph_z,erm,9,2,3e050d97cfb776b0f40a811849e681e76844024954b247328c14f732933cd910,f7772f56,multiclass_pair,0v1,0.09522817566339678,0.014872925145182625,0.179560862557578,0.07462686567164178,1.3150569840600064,8
BNCI2014_001,dgcnn_forward_graph_adapter,graph_z,erm,9,2,3e050d97cfb776b0f40a811849e681e76844024954b247328c14f732933cd910,f7772f56,multiclass_pair,0v2,0.13275849240892787,0.05441853715921657,0.19632374734497596,0.009950248756218905,1.4925409226842248,8
BNCI2014_001,dgcnn_forward_graph_adapter,graph_z,erm,9,2,3e050d97cfb776b0f40a811849e681e76844024954b247328c14f732933cd910,f7772f56,multiclass_pair,0v3,0.22369432666874317,0.14603885686736784,0.30181759125490004,0.004975124378109453,0.9964093012620888,8
BNCI2014_001,dgcnn_forward_graph_adapter,graph_z,erm,9,2,3e050d97cfb776b0f40a811849e681e76844024954b247328c14f732933cd910,f7772f56,multiclass_pair,1v2,0.07668666345678207,0.0050301902506900325,0.14454237860636507,0.07462686567164178,1.7276160389385058,8
BNCI2014_001,dgcnn_forward_graph_adapter,graph_z,erm,9,2,3e050d97cfb776b0f40a811849e681e76844024954b247328c14f732933cd910,f7772f56,multiclass_pair,1v3,0.3556924897398201,0.23263330512238775,0.45654960741101736,0.004975124378109453,1.3416799009946097,8
BNCI2014_001,dgcnn_forward_graph_adapter,graph_z,erm,9,2,3e050d97cfb776b0f40a811849e681e76844024954b247328c14f732933cd910,f7772f56,multiclass_pair,2v3,0.33486548888852924,0.19823052520775172,0.43849311459969553,0.004975124378109453,1.4293839043306706,8
BNCI2014_001,dgcnn_forward_graph_adapter,graph_z,graphcmi,1,0,3e050d97cfb776b0f40a811849e681e76844024954b247328c14f732933cd910,f7772f56,multiclass_macro,macro,0.23998192216170589,0.1928489846256391,0.28663249208594604,,,6
BNCI2014_001,dgcnn_forward_graph_adapter,graph_z,graphcmi,1,0,3e050d97cfb776b0f40a811849e681e76844024954b247328c14f732933cd910,f7772f56,multiclass_pair,0v1,0.1599455083125629,0.08360567836760494,0.21855473167204037,0.01990049751243781,1.331188294724964,8
BNCI2014_001,dgcnn_forward_graph_adapter,graph_z,graphcmi,1,0,3e050d97cfb776b0f40a811849e681e76844024954b247328c14f732933cd910,f7772f56,multiclass_pair,0v2,0.2560166021520645,0.16235488359856948,0.3371177235882348,0.004975124378109453,1.3040913903470768,8
BNCI2014_001,dgcnn_forward_graph_adapter,graph_z,graphcmi,1,0,3e050d97cfb776b0f40a811849e681e76844024954b247328c14f732933cd910,f7772f56,multiclass_pair,0v3,0.2710676817057747,0.12879486309683705,0.3832677098716196,0.004975124378109453,1.0759826567960715,8
BNCI2014_001,dgcnn_forward_graph_adapter,graph_z,graphcmi,1,0,3e050d97cfb776b0f40a811849e681e76844024954b247328c14f732933cd910,f7772f56,multiclass_pair,1v2,0.1387666768683025,0.0326936735077195,0.236951089910148,0.03980099502487562,1.6287448411315588,8
BNCI2014_001,dgcnn_forward_graph_adapter,graph_z,graphcmi,1,0,3e050d97cfb776b0f40a811849e681e76844024954b247328c14f732933cd910,f7772f56,multiclass_pair,1v3,0.27997904763513126,0.13508410916648114,0.3981730634830412,0.014925373134328358,1.325943895510437,8
BNCI2014_001,dgcnn_forward_graph_adapter,graph_z,graphcmi,1,0,3e050d97cfb776b0f40a811849e681e76844024954b247328c14f732933cd910,f7772f56,multiclass_pair,2v3,0.33411601629639975,0.24520909321608358,0.4211216051728741,0.004975124378109453,1.1781180551879573,8
BNCI2014_001,dgcnn_forward_graph_adapter,graph_z,graphcmi,1,1,3e050d97cfb776b0f40a811849e681e76844024954b247328c14f732933cd910,f7772f56,multiclass_macro,macro,0.18565305722627656,0.14175369874491098,0.22748566034452805,,,6
BNCI2014_001,dgcnn_forward_graph_adapter,graph_z,graphcmi,1,1,3e050d97cfb776b0f40a811849e681e76844024954b247328c14f732933cd910,f7772f56,multiclass_pair,0v1,0.16681441117678647,0.11474033146021757,0.21793427349961297,0.009950248756218905,1.5075986195911975,8
BNCI2014_001,dgcnn_forward_graph_adapter,graph_z,graphcmi,1,1,3e050d97cfb776b0f40a811849e681e76844024954b247328c14f732933cd910,f7772f56,multiclass_pair,0v2,0.18715094295345883,0.07431090334887729,0.2835373059711289,0.004975124378109453,1.4587598439961997,8
BNCI2014_001,dgcnn_forward_graph_adapter,graph_z,graphcmi,1,1,3e050d97cfb776b0f40a811849e681e76844024954b247328c14f732933cd910,f7772f56,multiclass_pair,0v3,0.10838070462557114,0.0024801393638663963,0.19923996137276673,0.03482587064676617,1.2951219428862393,8
BNCI2014_001,dgcnn_forward_graph_adapter,graph_z,graphcmi,1,1,3e050d97cfb776b0f40a811849e681e76844024954b247328c14f732933cd910,f7772f56,multiclass_pair,1v2,0.15685025354700302,0.06353856578807787,0.23950063138881275,0.029850746268656716,1.8035353998227244,8
BNCI2014_001,dgcnn_forward_graph_adapter,graph_z,graphcmi,1,1,3e050d97cfb776b0f40a811849e681e76844024954b247328c14f732933cd910,f7772f56,multiclass_pair,1v3,0.22870094726880602,0.08613317995606261,0.3340810699510518,0.004975124378109453,1.4439566408737083,8
BNCI2014_001,dgcnn_forward_graph_adapter,graph_z,graphcmi,1,1,3e050d97cfb776b0f40a811849e681e76844024954b247328c14f732933cd910,f7772f56,multiclass_pair,2v3,0.266021083786034,0.14200279612146166,0.36321038562856933,0.009950248756218905,1.5329293284902439,8
BNCI2014_001,dgcnn_forward_graph_adapter,graph_z,graphcmi,1,2,3e050d97cfb776b0f40a811849e681e76844024954b247328c14f732933cd910,f7772f56,multiclass_macro,macro,0.27121765577388585,0.22892969551124007,0.3129788717551232,,,6
BNCI2014_001,dgcnn_forward_graph_adapter,graph_z,graphcmi,1,2,3e050d97cfb776b0f40a811849e681e76844024954b247328c14f732933cd910,f7772f56,multiclass_pair,0v1,0.2881224918307813,0.17264914304930978,0.37219130552491075,0.004975124378109453,1.495111155707886,8
BNCI2014_001,dgcnn_forward_graph_adapter,graph_z,graphcmi,1,2,3e050d97cfb776b0f40a811849e681e76844024954b247328c14f732933cd910,f7772f56,multiclass_pair,0v2,0.24213240920923146,0.14592528627503354,0.32457411306480877,0.009950248756218905,1.5357911025528141,8
BNCI2014_001,dgcnn_forward_graph_adapter,graph_z,graphcmi,1,2,3e050d97cfb776b0f40a811849e681e76844024954b247328c14f732933cd910,f7772f56,multiclass_pair,0v3,0.2278543162626435,0.1536309770864903,0.2975940836350232,0.009950248756218905,1.2782659689059566,8
BNCI2014_001,dgcnn_forward_graph_adapter,graph_z,graphcmi,1,2,3e050d97cfb776b0f40a811849e681e76844024954b247328c14f732933cd910,f7772f56,multiclass_pair,1v2,0.24131387049810846,0.1276850677180886,0.34077551873910733,0.009950248756218905,1.3197294026612705,8
BNCI2014_001,dgcnn_forward_graph_adapter,graph_z,graphcmi,1,2,3e050d97cfb776b0f40a811849e681e76844024954b247328c14f732933cd910,f7772f56,multiclass_pair,1v3,0.3095131769768914,0.1795558669276891,0.42310871057119065,0.009950248756218905,1.5761576911907,8
BNCI2014_001,dgcnn_forward_graph_adapter,graph_z,graphcmi,1,2,3e050d97cfb776b0f40a811849e681e76844024954b247328c14f732933cd910,f7772f56,multiclass_pair,2v3,0.3183696698656587,0.20867472469396722,0.41321717018466964,0.004975124378109453,1.540125036427044,8
BNCI2014_001,dgcnn_forward_graph_adapter,graph_z,graphcmi,2,0,3e050d97cfb776b0f40a811849e681e76844024954b247328c14f732933cd910,f7772f56,multiclass_macro,macro,0.31951701193916543,0.26237264779578473,0.37298650307588277,,,6
BNCI2014_001,dgcnn_forward_graph_adapter,graph_z,graphcmi,2,0,3e050d97cfb776b0f40a811849e681e76844024954b247328c14f732933cd910,f7772f56,multiclass_pair,0v1,0.36704096241147105,0.27336209457193233,0.4543853114620594,0.004975124378109453,1.1254910934383164,8
BNCI2014_001,dgcnn_forward_graph_adapter,graph_z,graphcmi,2,0,3e050d97cfb776b0f40a811849e681e76844024954b247328c14f732933cd910,f7772f56,multiclass_pair,0v2,0.4118210679588314,0.3144038066837411,0.49679435061336347,0.004975124378109453,1.1048999005612126,8
BNCI2014_001,dgcnn_forward_graph_adapter,graph_z,graphcmi,2,0,3e050d97cfb776b0f40a811849e681e76844024954b247328c14f732933cd910,f7772f56,multiclass_pair,0v3,0.1530648524518083,0.058960012823972716,0.23969420245593714,0.009950248756218905,1.1763861094732198,8
BNCI2014_001,dgcnn_forward_graph_adapter,graph_z,graphcmi,2,0,3e050d97cfb776b0f40a811849e681e76844024954b247328c14f732933cd910,f7772f56,multiclass_pair,1v2,0.19983272724758666,0.11114603874880921,0.27925415063319803,0.004975124378109453,1.854662020216209,8
BNCI2014_001,dgcnn_forward_graph_adapter,graph_z,graphcmi,2,0,3e050d97cfb776b0f40a811849e681e76844024954b247328c14f732933cd910,f7772f56,multiclass_pair,1v3,0.3894933581971478,0.19983055554202583,0.5248611943158464,0.004975124378109453,1.4306319218004253,8
BNCI2014_001,dgcnn_forward_graph_adapter,graph_z,graphcmi,2,0,3e050d97cfb776b0f40a811849e681e76844024954b247328c14f732933cd910,f7772f56,multiclass_pair,2v3,0.3958491033681473,0.23291023584805162,0.5076346721256266,0.004975124378109453,1.4628572851080448,8
BNCI2014_001,dgcnn_forward_graph_adapter,graph_z,graphcmi,2,1,3e050d97cfb776b0f40a811849e681e76844024954b247328c14f732933cd910,f7772f56,multiclass_macro,macro,0.21655095519452758,0.16485596489194668,0.2643583782298696,,,6
BNCI2014_001,dgcnn_forward_graph_adapter,graph_z,graphcmi,2,1,3e050d97cfb776b0f40a811849e681e76844024954b247328c14f732933cd910,f7772f56,multiclass_pair,0v1,0.22816628061488092,0.13728609603234215,0.31378097498965263,0.004975124378109453,1.5780597600890587,8
BNCI2014_001,dgcnn_forward_graph_adapter,graph_z,graphcmi,2,1,3e050d97cfb776b0f40a811849e681e76844024954b247328c14f732933cd910,f7772f56,multiclass_pair,0v2,0.2219954000840829,0.12243999645553114,0.31290218255868,0.009950248756218905,1.5846183959177278,8
BNCI2014_001,dgcnn_forward_graph_adapter,graph_z,graphcmi,2,1,3e050d97cfb776b0f40a811849e681e76844024954b247328c14f732933cd910,f7772f56,multiclass_pair,0v3,0.05613974129548149,-0.04445164518196996,0.1262194014910168,0.11940298507462686,1.4223758590724622,8
BNCI2014_001,dgcnn_forward_graph_adapter,graph_z,graphcmi,2,1,3e050d97cfb776b0f40a811849e681e76844024954b247328c14f732933cd910,f7772f56,multiclass_pair,1v2,0.18009258533940817,0.0696895282935512,0.2767990839613402,0.009950248756218905,1.4599184793751783,8
BNCI2014_001,dgcnn_forward_graph_adapter,graph_z,graphcmi,2,1,3e050d97cfb776b0f40a811849e681e76844024954b247328c14f732933cd910,f7772f56,multiclass_pair,1v3,0.2873323668996425,0.13968958783264987,0.39614152127253344,0.004975124378109453,1.8976978022140778,8
BNCI2014_001,dgcnn_forward_graph_adapter,graph_z,graphcmi,2,1,3e050d97cfb776b0f40a811849e681e76844024954b247328c14f732933cd910,f7772f56,multiclass_pair,2v3,0.32557935693366946,0.17988828074817187,0.42142930390929856,0.004975124378109453,1.8730179423413345,8
BNCI2014_001,dgcnn_forward_graph_adapter,graph_z,graphcmi,2,2,3e050d97cfb776b0f40a811849e681e76844024954b247328c14f732933cd910,f7772f56,multiclass_macro,macro,0.5253958305626268,0.467119281154611,0.5806379491589599,,,6
BNCI2014_001,dgcnn_forward_graph_adapter,graph_z,graphcmi,2,2,3e050d97cfb776b0f40a811849e681e76844024954b247328c14f732933cd910,f7772f56,multiclass_pair,0v1,0.5166310340008059,0.40537902176426027,0.6041879906011312,0.004975124378109453,1.0085674014264612,8
BNCI2014_001,dgcnn_forward_graph_adapter,graph_z,graphcmi,2,2,3e050d97cfb776b0f40a811849e681e76844024954b247328c14f732933cd910,f7772f56,multiclass_pair,0v2,0.463600201985359,0.3609607961627383,0.5415542139753828,0.004975124378109453,1.0439055384838904,8
BNCI2014_001,dgcnn_forward_graph_adapter,graph_z,graphcmi,2,2,3e050d97cfb776b0f40a811849e681e76844024954b247328c14f732933cd910,f7772f56,multiclass_pair,0v3,0.42357133568503985,0.2665815679347658,0.537885613704644,0.004975124378109453,0.9240812504167054,8
BNCI2014_001,dgcnn_forward_graph_adapter,graph_z,graphcmi,2,2,3e050d97cfb776b0f40a811849e681e76844024954b247328c14f732933cd910,f7772f56,multiclass_pair,1v2,0.3268655070573093,0.2653961472480901,0.3796989931377819,0.009950248756218905,1.5011348018033777,8
BNCI2014_001,dgcnn_forward_graph_adapter,graph_z,graphcmi,2,2,3e050d97cfb776b0f40a811849e681e76844024954b247328c14f732933cd910,f7772f56,multiclass_pair,1v3,0.7170245970401992,0.628608142637144,0.782101752760649,0.004975124378109453,1.4669636779285664,8
BNCI2014_001,dgcnn_forward_graph_adapter,graph_z,graphcmi,2,2,3e050d97cfb776b0f40a811849e681e76844024954b247328c14f732933cd910,f7772f56,multiclass_pair,2v3,0.7046823076070481,0.5970599295066118,0.7747111701156958,0.004975124378109453,1.4337099473690287,8
BNCI2014_001,dgcnn_forward_graph_adapter,graph_z,graphcmi,3,0,3e050d97cfb776b0f40a811849e681e76844024954b247328c14f732933cd910,f7772f56,multiclass_macro,macro,0.273855507230561,0.21917162187227304,0.3257352861155384,,,6
BNCI2014_001,dgcnn_forward_graph_adapter,graph_z,graphcmi,3,0,3e050d97cfb776b0f40a811849e681e76844024954b247328c14f732933cd910,f7772f56,multiclass_pair,0v1,0.23813044092079913,0.11100162249242926,0.3397968062134522,0.004975124378109453,1.2651991415672843,8
BNCI2014_001,dgcnn_forward_graph_adapter,graph_z,graphcmi,3,0,3e050d97cfb776b0f40a811849e681e76844024954b247328c14f732933cd910,f7772f56,multiclass_pair,0v2,0.30949604633282374,0.17242412212549513,0.4095229630867222,0.004975124378109453,1.2623184445779594,8
BNCI2014_001,dgcnn_forward_graph_adapter,graph_z,graphcmi,3,0,3e050d97cfb776b0f40a811849e681e76844024954b247328c14f732933cd910,f7772f56,multiclass_pair,0v3,0.19841165597501065,0.06754647664845873,0.3097455200259503,0.014925373134328358,1.0854144800005456,8
BNCI2014_001,dgcnn_forward_graph_adapter,graph_z,graphcmi,3,0,3e050d97cfb776b0f40a811849e681e76844024954b247328c14f732933cd910,f7772f56,multiclass_pair,1v2,0.16677870365333144,0.08332906073182984,0.24486981748421782,0.014925373134328358,1.2653374018696355,8
BNCI2014_001,dgcnn_forward_graph_adapter,graph_z,graphcmi,3,0,3e050d97cfb776b0f40a811849e681e76844024954b247328c14f732933cd910,f7772f56,multiclass_pair,1v3,0.31296307810659424,0.13976070894535503,0.4589746735696042,0.004975124378109453,1.3708802907817705,8
BNCI2014_001,dgcnn_forward_graph_adapter,graph_z,graphcmi,3,0,3e050d97cfb776b0f40a811849e681e76844024954b247328c14f732933cd910,f7772f56,multiclass_pair,2v3,0.41735311839480665,0.32907616560978226,0.500668414441003,0.004975124378109453,1.3636198989776638,8
BNCI2014_001,dgcnn_forward_graph_adapter,graph_z,graphcmi,3,1,3e050d97cfb776b0f40a811849e681e76844024954b247328c14f732933cd910,f7772f56,multiclass_macro,macro,0.24751489018830783,0.1908232380834907,0.299974015506195,,,6
BNCI2014_001,dgcnn_forward_graph_adapter,graph_z,graphcmi,3,1,3e050d97cfb776b0f40a811849e681e76844024954b247328c14f732933cd910,f7772f56,multiclass_pair,0v1,0.2827633137629852,0.21902173633023078,0.34824273107334736,0.004975124378109453,1.5438864741600316,8
BNCI2014_001,dgcnn_forward_graph_adapter,graph_z,graphcmi,3,1,3e050d97cfb776b0f40a811849e681e76844024954b247328c14f732933cd910,f7772f56,multiclass_pair,0v2,0.3801653747858178,0.244858557444462,0.4760174909840169,0.004975124378109453,1.5116813038297647,8
BNCI2014_001,dgcnn_forward_graph_adapter,graph_z,graphcmi,3,1,3e050d97cfb776b0f40a811849e681e76844024954b247328c14f732933cd910,f7772f56,multiclass_pair,0v3,0.09313263859779905,-0.012977015573889387,0.19248333234171855,0.06467661691542288,1.5134409957415906,8
BNCI2014_001,dgcnn_forward_graph_adapter,graph_z,graphcmi,3,1,3e050d97cfb776b0f40a811849e681e76844024954b247328c14f732933cd910,f7772f56,multiclass_pair,1v2,0.16956069496834297,0.09081901505315437,0.2491442065767282,0.024875621890547265,1.502177515336706,8
BNCI2014_001,dgcnn_forward_graph_adapter,graph_z,graphcmi,3,1,3e050d97cfb776b0f40a811849e681e76844024954b247328c14f732933cd910,f7772f56,multiclass_pair,1v3,0.2843933986419179,0.14471848310199786,0.3914667648621723,0.004975124378109453,1.8800815937957065,8
BNCI2014_001,dgcnn_forward_graph_adapter,graph_z,graphcmi,3,1,3e050d97cfb776b0f40a811849e681e76844024954b247328c14f732933cd910,f7772f56,multiclass_pair,2v3,0.2750739203729839,0.089569879282572,0.4277791519815825,0.004975124378109453,1.8735266245785092,8
BNCI2014_001,dgcnn_forward_graph_adapter,graph_z,graphcmi,3,2,3e050d97cfb776b0f40a811849e681e76844024954b247328c14f732933cd910,f7772f56,multiclass_macro,macro,0.39146377258864895,0.342182259310779,0.4375450814013021,,,6
BNCI2014_001,dgcnn_forward_graph_adapter,graph_z,graphcmi,3,2,3e050d97cfb776b0f40a811849e681e76844024954b247328c14f732933cd910,f7772f56,multiclass_pair,0v1,0.3880229010617238,0.23930656686035223,0.4929076664835284,0.004975124378109453,1.4846932298602988,8
BNCI2014_001,dgcnn_forward_graph_adapter,graph_z,graphcmi,3,2,3e050d97cfb776b0f40a811849e681e76844024954b247328c14f732933cd910,f7772f56,multiclass_pair,0v2,0.39549397943444287,0.2470198118598601,0.4915976262617395,0.004975124378109453,1.3854104646054481,8
BNCI2014_001,dgcnn_forward_graph_adapter,graph_z,graphcmi,3,2,3e050d97cfb776b0f40a811849e681e76844024954b247328c14f732933cd910,f7772f56,multiclass_pair,0v3,0.32020798991308885,0.2435506564146656,0.3935447179865231,0.004975124378109453,1.0203533108605376,8
BNCI2014_001,dgcnn_forward_graph_adapter,graph_z,graphcmi,3,2,3e050d97cfb776b0f40a811849e681e76844024954b247328c14f732933cd910,f7772f56,multiclass_pair,1v2,0.3439948895363308,0.2826934707535817,0.4037080367527657,0.004975124378109453,1.2312597748428156,8
BNCI2014_001,dgcnn_forward_graph_adapter,graph_z,graphcmi,3,2,3e050d97cfb776b0f40a811849e681e76844024954b247328c14f732933cd910,f7772f56,multiclass_pair,1v3,0.4671521917215606,0.3293978105144036,0.5852638508195127,0.004975124378109453,1.5176067495075845,8
BNCI2014_001,dgcnn_forward_graph_adapter,graph_z,graphcmi,3,2,3e050d97cfb776b0f40a811849e681e76844024954b247328c14f732933cd910,f7772f56,multiclass_pair,2v3,0.43391068386474707,0.3064331951216521,0.5377479673164947,0.004975124378109453,1.4221057674833797,8
BNCI2014_001,dgcnn_forward_graph_adapter,graph_z,graphcmi,4,0,3e050d97cfb776b0f40a811849e681e76844024954b247328c14f732933cd910,f7772f56,multiclass_macro,macro,0.2909951148725966,0.246437818397783,0.3339457717396736,,,6
BNCI2014_001,dgcnn_forward_graph_adapter,graph_z,graphcmi,4,0,3e050d97cfb776b0f40a811849e681e76844024954b247328c14f732933cd910,f7772f56,multiclass_pair,0v1,0.30295820133163004,0.18577839016960435,0.40488150161529046,0.004975124378109453,1.0590710398816965,8
BNCI2014_001,dgcnn_forward_graph_adapter,graph_z,graphcmi,4,0,3e050d97cfb776b0f40a811849e681e76844024954b247328c14f732933cd910,f7772f56,multiclass_pair,0v2,0.30030120189998477,0.20787730680343663,0.3897794035614506,0.004975124378109453,1.0964070256833287,8
BNCI2014_001,dgcnn_forward_graph_adapter,graph_z,graphcmi,4,0,3e050d97cfb776b0f40a811849e681e76844024954b247328c14f732933cd910,f7772f56,multiclass_pair,0v3,0.13927855767057595,0.0365004640964894,0.2348380551101667,0.03980099502487562,1.1273825986638593,8
BNCI2014_001,dgcnn_forward_graph_adapter,graph_z,graphcmi,4,0,3e050d97cfb776b0f40a811849e681e76844024954b247328c14f732933cd910,f7772f56,multiclass_pair,1v2,0.26113170732591934,0.21203756564579537,0.3102168711121279,0.004975124378109453,1.4647783581958471,8
BNCI2014_001,dgcnn_forward_graph_adapter,graph_z,graphcmi,4,0,3e050d97cfb776b0f40a811849e681e76844024954b247328c14f732933cd910,f7772f56,multiclass_pair,1v3,0.37541274394983437,0.2615156206212391,0.4654732924082077,0.004975124378109453,1.3952157353073236,8
BNCI2014_001,dgcnn_forward_graph_adapter,graph_z,graphcmi,4,0,3e050d97cfb776b0f40a811849e681e76844024954b247328c14f732933cd910,f7772f56,multiclass_pair,2v3,0.36688827705763505,0.27735337727618825,0.451333979642088,0.004975124378109453,1.418606620732646,8
BNCI2014_001,dgcnn_forward_graph_adapter,graph_z,graphcmi,4,1,3e050d97cfb776b0f40a811849e681e76844024954b247328c14f732933cd910,f7772f56,multiclass_macro,macro,0.2308097645200227,0.17865028973931663,0.2801637767933892,,,6
BNCI2014_001,dgcnn_forward_graph_adapter,graph_z,graphcmi,4,1,3e050d97cfb776b0f40a811849e681e76844024954b247328c14f732933cd910,f7772f56,multiclass_pair,0v1,0.31445777111469925,0.2314859756691145,0.3963139856388582,0.004975124378109453,1.2707278864303875,8
BNCI2014_001,dgcnn_forward_graph_adapter,graph_z,graphcmi,4,1,3e050d97cfb776b0f40a811849e681e76844024954b247328c14f732933cd910,f7772f56,multiclass_pair,0v2,0.3264335888893767,0.21610677346212612,0.4273601904721495,0.004975124378109453,1.1335467237341899,8
BNCI2014_001,dgcnn_forward_graph_adapter,graph_z,graphcmi,4,1,3e050d97cfb776b0f40a811849e681e76844024954b247328c14f732933cd910,f7772f56,multiclass_pair,0v3,0.06618936423746528,-0.013883627127191371,0.13968012147728387,0.09950248756218906,1.6033331431127384,8
BNCI2014_001,dgcnn_forward_graph_adapter,graph_z,graphcmi,4,1,3e050d97cfb776b0f40a811849e681e76844024954b247328c14f732933cd910,f7772f56,multiclass_pair,1v2,0.21529709490116655,0.13615146551639623,0.2982817774914977,0.004975124378109453,1.266641814059743,8
BNCI2014_001,dgcnn_forward_graph_adapter,graph_z,graphcmi,4,1,3e050d97cfb776b0f40a811849e681e76844024954b247328c14f732933cd910,f7772f56,multiclass_pair,1v3,0.25695090337181387,0.11633691191614692,0.3762269542521115,0.004975124378109453,1.6107184547343212,8
BNCI2014_001,dgcnn_forward_graph_adapter,graph_z,graphcmi,4,1,3e050d97cfb776b0f40a811849e681e76844024954b247328c14f732933cd910,f7772f56,multiclass_pair,2v3,0.20552986460561448,0.04251013222575552,0.3348400273244666,0.004975124378109453,1.6689831193385838,8
BNCI2014_001,dgcnn_forward_graph_adapter,graph_z,graphcmi,4,2,3e050d97cfb776b0f40a811849e681e76844024954b247328c14f732933cd910,f7772f56,multiclass_macro,macro,0.2952419249958593,0.24701156445565525,0.34118370857614794,,,6
BNCI2014_001,dgcnn_forward_graph_adapter,graph_z,graphcmi,4,2,3e050d97cfb776b0f40a811849e681e76844024954b247328c14f732933cd910,f7772f56,multiclass_pair,0v1,0.2558382665261094,0.13286068767182085,0.3613316158489703,0.004975124378109453,1.723613104791233,8
BNCI2014_001,dgcnn_forward_graph_adapter,graph_z,graphcmi,4,2,3e050d97cfb776b0f40a811849e681e76844024954b247328c14f732933cd910,f7772f56,multiclass_pair,0v2,0.3352241342845918,0.21525688857837075,0.43553033235047367,0.004975124378109453,1.5927005495895183,8
BNCI2014_001,dgcnn_forward_graph_adapter,graph_z,graphcmi,4,2,3e050d97cfb776b0f40a811849e681e76844024954b247328c14f732933cd910,f7772f56,multiclass_pair,0v3,0.3029519051794832,0.18641869786175871,0.4038989026578792,0.004975124378109453,1.0526322697189199,8
BNCI2014_001,dgcnn_forward_graph_adapter,graph_z,graphcmi,4,2,3e050d97cfb776b0f40a811849e681e76844024954b247328c14f732933cd910,f7772f56,multiclass_pair,1v2,0.22622957963586934,0.14947902183422865,0.29918755688763266,0.004975124378109453,1.654956051538503,8
BNCI2014_001,dgcnn_forward_graph_adapter,graph_z,graphcmi,4,2,3e050d97cfb776b0f40a811849e681e76844024954b247328c14f732933cd910,f7772f56,multiclass_pair,1v3,0.28968058750173054,0.13331462126439328,0.4181483466593366,0.004975124378109453,1.6398188180237923,8
BNCI2014_001,dgcnn_forward_graph_adapter,graph_z,graphcmi,4,2,3e050d97cfb776b0f40a811849e681e76844024954b247328c14f732933cd910,f7772f56,multiclass_pair,2v3,0.36152707684737134,0.2610790121315722,0.456916022596004,0.004975124378109453,1.648987238668672,8
BNCI2014_001,dgcnn_forward_graph_adapter,graph_z,graphcmi,5,0,3e050d97cfb776b0f40a811849e681e76844024954b247328c14f732933cd910,f7772f56,multiclass_macro,macro,0.3588413311702336,0.30846811445056593,0.4073240373254505,,,6
BNCI2014_001,dgcnn_forward_graph_adapter,graph_z,graphcmi,5,0,3e050d97cfb776b0f40a811849e681e76844024954b247328c14f732933cd910,f7772f56,multiclass_pair,0v1,0.3963259049784988,0.2976952334950742,0.4945715773216245,0.009950248756218905,1.1419039603069363,8
BNCI2014_001,dgcnn_forward_graph_adapter,graph_z,graphcmi,5,0,3e050d97cfb776b0f40a811849e681e76844024954b247328c14f732933cd910,f7772f56,multiclass_pair,0v2,0.3672803745781778,0.2803845745759282,0.45147557891318096,0.004975124378109453,1.1947335134271349,8
BNCI2014_001,dgcnn_forward_graph_adapter,graph_z,graphcmi,5,0,3e050d97cfb776b0f40a811849e681e76844024954b247328c14f732933cd910,f7772f56,multiclass_pair,0v3,0.21664567581810054,0.14311272162409455,0.2869087064595419,0.009950248756218905,0.9421638686375969,8
BNCI2014_001,dgcnn_forward_graph_adapter,graph_z,graphcmi,5,0,3e050d97cfb776b0f40a811849e681e76844024954b247328c14f732933cd910,f7772f56,multiclass_pair,1v2,0.2674129090706436,0.16776732812545397,0.34340817256678213,0.004975124378109453,1.3614793853515355,8
BNCI2014_001,dgcnn_forward_graph_adapter,graph_z,graphcmi,5,0,3e050d97cfb776b0f40a811849e681e76844024954b247328c14f732933cd910,f7772f56,multiclass_pair,1v3,0.47687413754184277,0.3360649146377302,0.5927370548848397,0.004975124378109453,1.4308711875027227,8
BNCI2014_001,dgcnn_forward_graph_adapter,graph_z,graphcmi,5,0,3e050d97cfb776b0f40a811849e681e76844024954b247328c14f732933cd910,f7772f56,multiclass_pair,2v3,0.42850898503413815,0.2830843112819699,0.532509809015844,0.004975124378109453,1.3842120467134529,8
BNCI2014_001,dgcnn_forward_graph_adapter,graph_z,graphcmi,5,1,3e050d97cfb776b0f40a811849e681e76844024954b247328c14f732933cd910,f7772f56,multiclass_macro,macro,0.30689326901248676,0.25341961699939414,0.35723582100721085,,,6
BNCI2014_001,dgcnn_forward_graph_adapter,graph_z,graphcmi,5,1,3e050d97cfb776b0f40a811849e681e76844024954b247328c14f732933cd910,f7772f56,multiclass_pair,0v1,0.35107301246135186,0.2646137561259333,0.43743200084435774,0.004975124378109453,1.1233602877375592,8
BNCI2014_001,dgcnn_forward_graph_adapter,graph_z,graphcmi,5,1,3e050d97cfb776b0f40a811849e681e76844024954b247328c14f732933cd910,f7772f56,multiclass_pair,0v2,0.3985568930082866,0.32575757830014934,0.4707700777533885,0.004975124378109453,1.2623757046531898,8
BNCI2014_001,dgcnn_forward_graph_adapter,graph_z,graphcmi,5,1,3e050d97cfb776b0f40a811849e681e76844024954b247328c14f732933cd910,f7772f56,multiclass_pair,0v3,0.13220492609074605,0.027605875903971365,0.20420032697487378,0.03980099502487562,1.4977702869539549,8
BNCI2014_001,dgcnn_forward_graph_adapter,graph_z,graphcmi,5,1,3e050d97cfb776b0f40a811849e681e76844024954b247328c14f732933cd910,f7772f56,multiclass_pair,1v2,0.17939718724491382,0.09724253790875981,0.2596705506050371,0.024875621890547265,1.5544523137576747,8
BNCI2014_001,dgcnn_forward_graph_adapter,graph_z,graphcmi,5,1,3e050d97cfb776b0f40a811849e681e76844024954b247328c14f732933cd910,f7772f56,multiclass_pair,1v3,0.4040852610182862,0.3019837316859206,0.49065503263567806,0.004975124378109453,1.544393962803857,8
BNCI2014_001,dgcnn_forward_graph_adapter,graph_z,graphcmi,5,1,3e050d97cfb776b0f40a811849e681e76844024954b247328c14f732933cd910,f7772f56,multiclass_pair,2v3,0.3760423342513361,0.2084522673222472,0.4848377156254195,0.004975124378109453,1.7882168384787012,8
BNCI2014_001,dgcnn_forward_graph_adapter,graph_z,graphcmi,5,2,3e050d97cfb776b0f40a811849e681e76844024954b247328c14f732933cd910,f7772f56,multiclass_macro,macro,0.4051790171174065,0.355341961052076,0.45183402241412907,,,6
BNCI2014_001,dgcnn_forward_graph_adapter,graph_z,graphcmi,5,2,3e050d97cfb776b0f40a811849e681e76844024954b247328c14f732933cd910,f7772f56,multiclass_pair,0v1,0.4218786133847091,0.33647867434474554,0.49622289231444505,0.004975124378109453,1.558974919693704,8
BNCI2014_001,dgcnn_forward_graph_adapter,graph_z,graphcmi,5,2,3e050d97cfb776b0f40a811849e681e76844024954b247328c14f732933cd910,f7772f56,multiclass_pair,0v2,0.5145495910773314,0.4520926786512763,0.5654956849328809,0.004975124378109453,1.5665593153709176,8
BNCI2014_001,dgcnn_forward_graph_adapter,graph_z,graphcmi,5,2,3e050d97cfb776b0f40a811849e681e76844024954b247328c14f732933cd910,f7772f56,multiclass_pair,0v3,0.26581025290193255,0.1539518649986977,0.36433583379790135,0.004975124378109453,1.3271397825039957,8
BNCI2014_001,dgcnn_forward_graph_adapter,graph_z,graphcmi,5,2,3e050d97cfb776b0f40a811849e681e76844024954b247328c14f732933cd910,f7772f56,multiclass_pair,1v2,0.2756002962583129,0.19721881117062898,0.3480587771941045,0.004975124378109453,1.5962879444337978,8
BNCI2014_001,dgcnn_forward_graph_adapter,graph_z,graphcmi,5,2,3e050d97cfb776b0f40a811849e681e76844024954b247328c14f732933cd910,f7772f56,multiclass_pair,1v3,0.4731582397883078,0.3222321103247392,0.5769569082555016,0.004975124378109453,1.7936189764487684,8
BNCI2014_001,dgcnn_forward_graph_adapter,graph_z,graphcmi,5,2,3e050d97cfb776b0f40a811849e681e76844024954b247328c14f732933cd910,f7772f56,multiclass_pair,2v3,0.480077109293845,0.3653738812714433,0.5651495640026845,0.004975124378109453,1.9104259285304916,8
BNCI2014_001,dgcnn_forward_graph_adapter,graph_z,graphcmi,6,0,3e050d97cfb776b0f40a811849e681e76844024954b247328c14f732933cd910,f7772f56,multiclass_macro,macro,0.26262740485296837,0.21677647986921042,0.3092381440254837,,,6
BNCI2014_001,dgcnn_forward_graph_adapter,graph_z,graphcmi,6,0,3e050d97cfb776b0f40a811849e681e76844024954b247328c14f732933cd910,f7772f56,multiclass_pair,0v1,0.23297421976341853,0.1463643914776198,0.31519282507157914,0.01990049751243781,1.3518537325594884,8
BNCI2014_001,dgcnn_forward_graph_adapter,graph_z,graphcmi,6,0,3e050d97cfb776b0f40a811849e681e76844024954b247328c14f732933cd910,f7772f56,multiclass_pair,0v2,0.22104387540135323,0.12186118873820581,0.3112648501492825,0.004975124378109453,1.2216156798196984,8
BNCI2014_001,dgcnn_forward_graph_adapter,graph_z,graphcmi,6,0,3e050d97cfb776b0f40a811849e681e76844024954b247328c14f732933cd910,f7772f56,multiclass_pair,0v3,0.2707769588539227,0.16175282405018854,0.36585363592829134,0.004975124378109453,0.9120013293930278,8
BNCI2014_001,dgcnn_forward_graph_adapter,graph_z,graphcmi,6,0,3e050d97cfb776b0f40a811849e681e76844024954b247328c14f732933cd910,f7772f56,multiclass_pair,1v2,0.1779951393430654,0.1052231071703758,0.24860825166631156,0.01990049751243781,1.779783601536977,8
BNCI2014_001,dgcnn_forward_graph_adapter,graph_z,graphcmi,6,0,3e050d97cfb776b0f40a811849e681e76844024954b247328c14f732933cd910,f7772f56,multiclass_pair,1v3,0.2847319702242476,0.1260165942121037,0.41353431393442264,0.009950248756218905,1.492637075325623,8
BNCI2014_001,dgcnn_forward_graph_adapter,graph_z,graphcmi,6,0,3e050d97cfb776b0f40a811849e681e76844024954b247328c14f732933cd910,f7772f56,multiclass_pair,2v3,0.3882422655318024,0.2744689575185817,0.484655225957966,0.004975124378109453,1.4112792450327307,8
BNCI2014_001,dgcnn_forward_graph_adapter,graph_z,graphcmi,6,1,3e050d97cfb776b0f40a811849e681e76844024954b247328c14f732933cd910,f7772f56,multiclass_macro,macro,0.3010304111305051,0.23991696403771096,0.3580721958163979,,,6
BNCI2014_001,dgcnn_forward_graph_adapter,graph_z,graphcmi,6,1,3e050d97cfb776b0f40a811849e681e76844024954b247328c14f732933cd910,f7772f56,multiclass_pair,0v1,0.3529450832039159,0.2548083907905485,0.4465087493232211,0.004975124378109453,1.1919762899985888,8
BNCI2014_001,dgcnn_forward_graph_adapter,graph_z,graphcmi,6,1,3e050d97cfb776b0f40a811849e681e76844024954b247328c14f732933cd910,f7772f56,multiclass_pair,0v2,0.2953050952865274,0.17897977507658705,0.39295676975209104,0.004975124378109453,1.350983536246824,8
BNCI2014_001,dgcnn_forward_graph_adapter,graph_z,graphcmi,6,1,3e050d97cfb776b0f40a811849e681e76844024954b247328c14f732933cd910,f7772f56,multiclass_pair,0v3,0.2932320244727437,0.11698523637133351,0.4116433539937549,0.004975124378109453,0.9300057026785655,8
BNCI2014_001,dgcnn_forward_graph_adapter,graph_z,graphcmi,6,1,3e050d97cfb776b0f40a811849e681e76844024954b247328c14f732933cd910,f7772f56,multiclass_pair,1v2,0.15379878268475672,0.06129853081908359,0.24259151186749625,0.03482587064676617,1.5341363338993719,8
BNCI2014_001,dgcnn_forward_graph_adapter,graph_z,graphcmi,6,1,3e050d97cfb776b0f40a811849e681e76844024954b247328c14f732933cd910,f7772f56,multiclass_pair,1v3,0.4230948252812011,0.2702959673948923,0.5427453902735848,0.004975124378109453,1.4570623998008827,8
BNCI2014_001,dgcnn_forward_graph_adapter,graph_z,graphcmi,6,1,3e050d97cfb776b0f40a811849e681e76844024954b247328c14f732933cd910,f7772f56,multiclass_pair,2v3,0.28780665585388576,0.08177383389191555,0.4413510351138331,0.004975124378109453,1.581752032815667,8
BNCI2014_001,dgcnn_forward_graph_adapter,graph_z,graphcmi,6,2,3e050d97cfb776b0f40a811849e681e76844024954b247328c14f732933cd910,f7772f56,multiclass_macro,macro,0.3605426639091451,0.31000608813470404,0.40710762912978854,,,6
BNCI2014_001,dgcnn_forward_graph_adapter,graph_z,graphcmi,6,2,3e050d97cfb776b0f40a811849e681e76844024954b247328c14f732933cd910,f7772f56,multiclass_pair,0v1,0.31738807043854683,0.1988901308448206,0.42174825860235304,0.004975124378109453,1.6979657225028184,8
BNCI2014_001,dgcnn_forward_graph_adapter,graph_z,graphcmi,6,2,3e050d97cfb776b0f40a811849e681e76844024954b247328c14f732933cd910,f7772f56,multiclass_pair,0v2,0.3864141959097971,0.25422942239317975,0.4843029921288272,0.004975124378109453,1.4966387525485993,8
BNCI2014_001,dgcnn_forward_graph_adapter,graph_z,graphcmi,6,2,3e050d97cfb776b0f40a811849e681e76844024954b247328c14f732933cd910,f7772f56,multiclass_pair,0v3,0.3021691593350448,0.19123571841446396,0.4036948367023618,0.004975124378109453,1.2162123061724437,8
BNCI2014_001,dgcnn_forward_graph_adapter,graph_z,graphcmi,6,2,3e050d97cfb776b0f40a811849e681e76844024954b247328c14f732933cd910,f7772f56,multiclass_pair,1v2,0.33019760829487116,0.26801888679298436,0.3893988722810722,0.004975124378109453,1.6834318186319737,8
BNCI2014_001,dgcnn_forward_graph_adapter,graph_z,graphcmi,6,2,3e050d97cfb776b0f40a811849e681e76844024954b247328c14f732933cd910,f7772f56,multiclass_pair,1v3,0.3618201209342087,0.19819165274348485,0.4943778649238688,0.004975124378109453,1.8135719665807803,8
BNCI2014_001,dgcnn_forward_graph_adapter,graph_z,graphcmi,6,2,3e050d97cfb776b0f40a811849e681e76844024954b247328c14f732933cd910,f7772f56,multiclass_pair,2v3,0.4652668285424018,0.34532138483198854,0.5619628256927751,0.004975124378109453,1.8697258893635007,8
BNCI2014_001,dgcnn_forward_graph_adapter,graph_z,graphcmi,7,0,3e050d97cfb776b0f40a811849e681e76844024954b247328c14f732933cd910,f7772f56,multiclass_macro,macro,0.310713540715241,0.268435237514431,0.3516073233786046,,,6
BNCI2014_001,dgcnn_forward_graph_adapter,graph_z,graphcmi,7,0,3e050d97cfb776b0f40a811849e681e76844024954b247328c14f732933cd910,f7772f56,multiclass_pair,0v1,0.36717645641045943,0.27500332318423465,0.45610982920511844,0.004975124378109453,1.6281542186877551,8
BNCI2014_001,dgcnn_forward_graph_adapter,graph_z,graphcmi,7,0,3e050d97cfb776b0f40a811849e681e76844024954b247328c14f732933cd910,f7772f56,multiclass_pair,0v2,0.42307465578045556,0.3494076131251482,0.49895960898020736,0.004975124378109453,1.7040895588331673,8
BNCI2014_001,dgcnn_forward_graph_adapter,graph_z,graphcmi,7,0,3e050d97cfb776b0f40a811849e681e76844024954b247328c14f732933cd910,f7772f56,multiclass_pair,0v3,0.1677095133773398,0.12505236992599747,0.2120879129756108,0.014925373134328358,1.5294175476547536,8
BNCI2014_001,dgcnn_forward_graph_adapter,graph_z,graphcmi,7,0,3e050d97cfb776b0f40a811849e681e76844024954b247328c14f732933cd910,f7772f56,multiclass_pair,1v2,0.23405592266345823,0.1649938997602567,0.3043558620015201,0.009950248756218905,1.8493349740759364,8
BNCI2014_001,dgcnn_forward_graph_adapter,graph_z,graphcmi,7,0,3e050d97cfb776b0f40a811849e681e76844024954b247328c14f732933cd910,f7772f56,multiclass_pair,1v3,0.2749419839823592,0.17232613345704817,0.3694534211747084,0.004975124378109453,1.9937143639933612,8
BNCI2014_001,dgcnn_forward_graph_adapter,graph_z,graphcmi,7,0,3e050d97cfb776b0f40a811849e681e76844024954b247328c14f732933cd910,f7772f56,multiclass_pair,2v3,0.39732271207737335,0.29918190175496073,0.4801143214340115,0.004975124378109453,2.101651140714938,8
BNCI2014_001,dgcnn_forward_graph_adapter,graph_z,graphcmi,7,1,3e050d97cfb776b0f40a811849e681e76844024954b247328c14f732933cd910,f7772f56,multiclass_macro,macro,0.31494771182689507,0.259011767016463,0.36661831373212517,,,6
BNCI2014_001,dgcnn_forward_graph_adapter,graph_z,graphcmi,7,1,3e050d97cfb776b0f40a811849e681e76844024954b247328c14f732933cd910,f7772f56,multiclass_pair,0v1,0.442870717724246,0.33518493422249473,0.526178374092559,0.004975124378109453,1.1249871876434083,8
BNCI2014_001,dgcnn_forward_graph_adapter,graph_z,graphcmi,7,1,3e050d97cfb776b0f40a811849e681e76844024954b247328c14f732933cd910,f7772f56,multiclass_pair,0v2,0.4377346111562292,0.3575593363337497,0.5059973772585423,0.004975124378109453,1.2670584940352019,8
BNCI2014_001,dgcnn_forward_graph_adapter,graph_z,graphcmi,7,1,3e050d97cfb776b0f40a811849e681e76844024954b247328c14f732933cd910,f7772f56,multiclass_pair,0v3,0.17762311213143844,0.07892318878909925,0.2509583235293368,0.01990049751243781,1.5160230551051836,8
BNCI2014_001,dgcnn_forward_graph_adapter,graph_z,graphcmi,7,1,3e050d97cfb776b0f40a811849e681e76844024954b247328c14f732933cd910,f7772f56,multiclass_pair,1v2,0.1796938725887795,0.07922951850213407,0.2774980839854537,0.014925373134328358,1.9300441344066102,8
BNCI2014_001,dgcnn_forward_graph_adapter,graph_z,graphcmi,7,1,3e050d97cfb776b0f40a811849e681e76844024954b247328c14f732933cd910,f7772f56,multiclass_pair,1v3,0.36995700844939794,0.2352509420356447,0.4921365611226285,0.004975124378109453,1.569165886903877,8
BNCI2014_001,dgcnn_forward_graph_adapter,graph_z,graphcmi,7,1,3e050d97cfb776b0f40a811849e681e76844024954b247328c14f732933cd910,f7772f56,multiclass_pair,2v3,0.2818069489112793,0.13230116663426278,0.3977889710699605,0.009950248756218905,1.7603087292627153,8
BNCI2014_001,dgcnn_forward_graph_adapter,graph_z,graphcmi,7,2,3e050d97cfb776b0f40a811849e681e76844024954b247328c14f732933cd910,f7772f56,multiclass_macro,macro,0.32672516374342025,0.26377697309849735,0.38509968561899455,,,6
BNCI2014_001,dgcnn_forward_graph_adapter,graph_z,graphcmi,7,2,3e050d97cfb776b0f40a811849e681e76844024954b247328c14f732933cd910,f7772f56,multiclass_pair,0v1,0.2955835294475634,0.17049607730178407,0.41490979949727164,0.009950248756218905,1.364889978019206,8
BNCI2014_001,dgcnn_forward_graph_adapter,graph_z,graphcmi,7,2,3e050d97cfb776b0f40a811849e681e76844024954b247328c14f732933cd910,f7772f56,multiclass_pair,0v2,0.4593738308720651,0.33048303817361674,0.5528072665749503,0.004975124378109453,1.1741462229157147,8
BNCI2014_001,dgcnn_forward_graph_adapter,graph_z,graphcmi,7,2,3e050d97cfb776b0f40a811849e681e76844024954b247328c14f732933cd910,f7772f56,multiclass_pair,0v3,0.2430787937523824,0.12137306738825651,0.35559072908408584,0.004975124378109453,1.048765925662322,8
BNCI2014_001,dgcnn_forward_graph_adapter,graph_z,graphcmi,7,2,3e050d97cfb776b0f40a811849e681e76844024954b247328c14f732933cd910,f7772f56,multiclass_pair,1v2,0.19423829654789704,0.08791287582430818,0.29328202740319026,0.01990049751243781,1.7082974546607441,8
BNCI2014_001,dgcnn_forward_graph_adapter,graph_z,graphcmi,7,2,3e050d97cfb776b0f40a811849e681e76844024954b247328c14f732933cd910,f7772f56,multiclass_pair,1v3,0.3230019257042088,0.10118349249388899,0.48238186459414367,0.004975124378109453,1.6566210691944796,8
BNCI2014_001,dgcnn_forward_graph_adapter,graph_z,graphcmi,7,2,3e050d97cfb776b0f40a811849e681e76844024954b247328c14f732933cd910,f7772f56,multiclass_pair,2v3,0.4450746061364047,0.3251241691014501,0.553006435715585,0.004975124378109453,1.5785892519555045,8
BNCI2014_001,dgcnn_forward_graph_adapter,graph_z,graphcmi,8,0,3e050d97cfb776b0f40a811849e681e76844024954b247328c14f732933cd910,f7772f56,multiclass_macro,macro,0.33907709418696474,0.285003536606815,0.39000763888482654,,,6
BNCI2014_001,dgcnn_forward_graph_adapter,graph_z,graphcmi,8,0,3e050d97cfb776b0f40a811849e681e76844024954b247328c14f732933cd910,f7772f56,multiclass_pair,0v1,0.42704918630195793,0.31649480564708066,0.527487996177223,0.004975124378109453,0.9848278413585281,8
BNCI2014_001,dgcnn_forward_graph_adapter,graph_z,graphcmi,8,0,3e050d97cfb776b0f40a811849e681e76844024954b247328c14f732933cd910,f7772f56,multiclass_pair,0v2,0.43723204340785904,0.3275313422342322,0.5098195596939273,0.004975124378109453,1.12622983705865,8
BNCI2014_001,dgcnn_forward_graph_adapter,graph_z,graphcmi,8,0,3e050d97cfb776b0f40a811849e681e76844024954b247328c14f732933cd910,f7772f56,multiclass_pair,0v3,0.20515863947793614,0.11137420408838297,0.29667067258812296,0.009950248756218905,0.7238737889877852,8
BNCI2014_001,dgcnn_forward_graph_adapter,graph_z,graphcmi,8,0,3e050d97cfb776b0f40a811849e681e76844024954b247328c14f732933cd910,f7772f56,multiclass_pair,1v2,0.25854109006289033,0.16694441995273562,0.33256573142461615,0.014925373134328358,1.099174180217838,8
BNCI2014_001,dgcnn_forward_graph_adapter,graph_z,graphcmi,8,0,3e050d97cfb776b0f40a811849e681e76844024954b247328c14f732933cd910,f7772f56,multiclass_pair,1v3,0.3605245338517714,0.19967175976329463,0.4943327435883588,0.004975124378109453,1.2366511289112505,8
BNCI2014_001,dgcnn_forward_graph_adapter,graph_z,graphcmi,8,0,3e050d97cfb776b0f40a811849e681e76844024954b247328c14f732933cd910,f7772f56,multiclass_pair,2v3,0.34595707201937337,0.1841701849642957,0.4621770135159667,0.004975124378109453,1.2077707474775723,8
BNCI2014_001,dgcnn_forward_graph_adapter,graph_z,graphcmi,8,1,3e050d97cfb776b0f40a811849e681e76844024954b247328c14f732933cd910,f7772f56,multiclass_macro,macro,0.2679815218740594,0.20517375374973545,0.32586020344552585,,,6
BNCI2014_001,dgcnn_forward_graph_adapter,graph_z,graphcmi,8,1,3e050d97cfb776b0f40a811849e681e76844024954b247328c14f732933cd910,f7772f56,multiclass_pair,0v1,0.32306793348018575,0.22742191502070871,0.40994521878011203,0.004975124378109453,1.0353352257828141,8
BNCI2014_001,dgcnn_forward_graph_adapter,graph_z,graphcmi,8,1,3e050d97cfb776b0f40a811849e681e76844024954b247328c14f732933cd910,f7772f56,multiclass_pair,0v2,0.3324368309896339,0.23452959174501434,0.4285713206435964,0.009950248756218905,1.2144042014117755,8
BNCI2014_001,dgcnn_forward_graph_adapter,graph_z,graphcmi,8,1,3e050d97cfb776b0f40a811849e681e76844024954b247328c14f732933cd910,f7772f56,multiclass_pair,0v3,0.10335868405090085,-0.03876531354612993,0.21249819734773584,0.0845771144278607,0.9560122355216544,8
BNCI2014_001,dgcnn_forward_graph_adapter,graph_z,graphcmi,8,1,3e050d97cfb776b0f40a811849e681e76844024954b247328c14f732933cd910,f7772f56,multiclass_pair,1v2,0.14816424348726542,0.029527090162592695,0.253618187337043,0.014925373134328358,1.2799387013459755,8
BNCI2014_001,dgcnn_forward_graph_adapter,graph_z,graphcmi,8,1,3e050d97cfb776b0f40a811849e681e76844024954b247328c14f732933cd910,f7772f56,multiclass_pair,1v3,0.4239211450577614,0.2927602905931245,0.5354444510387176,0.004975124378109453,1.301340171429655,8
BNCI2014_001,dgcnn_forward_graph_adapter,graph_z,graphcmi,8,1,3e050d97cfb776b0f40a811849e681e76844024954b247328c14f732933cd910,f7772f56,multiclass_pair,2v3,0.27694029417860894,0.08478650333368078,0.42345785768653477,0.004975124378109453,1.4984390533351886,8
BNCI2014_001,dgcnn_forward_graph_adapter,graph_z,graphcmi,8,2,3e050d97cfb776b0f40a811849e681e76844024954b247328c14f732933cd910,f7772f56,multiclass_macro,macro,0.26965760298963354,0.20629650727185408,0.33118068829787195,,,6
BNCI2014_001,dgcnn_forward_graph_adapter,graph_z,graphcmi,8,2,3e050d97cfb776b0f40a811849e681e76844024954b247328c14f732933cd910,f7772f56,multiclass_pair,0v1,0.2345572542530854,0.11458236747713275,0.3546023366593462,0.004975124378109453,1.2767131271032024,8
BNCI2014_001,dgcnn_forward_graph_adapter,graph_z,graphcmi,8,2,3e050d97cfb776b0f40a811849e681e76844024954b247328c14f732933cd910,f7772f56,multiclass_pair,0v2,0.31259388654369913,0.1404924488750634,0.43226447076156693,0.004975124378109453,1.332926741815667,8
BNCI2014_001,dgcnn_forward_graph_adapter,graph_z,graphcmi,8,2,3e050d97cfb776b0f40a811849e681e76844024954b247328c14f732933cd910,f7772f56,multiclass_pair,0v3,0.23933257710855468,0.0926158842958964,0.37455678259775005,0.004975124378109453,0.9408909735878115,8
BNCI2014_001,dgcnn_forward_graph_adapter,graph_z,graphcmi,8,2,3e050d97cfb776b0f40a811849e681e76844024954b247328c14f732933cd910,f7772f56,multiclass_pair,1v2,0.09731416433429596,0.001504095962774392,0.19588334442609875,0.06965174129353234,1.5352125214775671,8
BNCI2014_001,dgcnn_forward_graph_adapter,graph_z,graphcmi,8,2,3e050d97cfb776b0f40a811849e681e76844024954b247328c14f732933cd910,f7772f56,multiclass_pair,1v3,0.3347628967946753,0.1423703027821321,0.491957426716902,0.004975124378109453,1.413394525928211,8
BNCI2014_001,dgcnn_forward_graph_adapter,graph_z,graphcmi,8,2,3e050d97cfb776b0f40a811849e681e76844024954b247328c14f732933cd910,f7772f56,multiclass_pair,2v3,0.3993848389034905,0.2683525759068339,0.5105301275606363,0.004975124378109453,1.5629690531672504,8
BNCI2014_001,dgcnn_forward_graph_adapter,graph_z,graphcmi,9,0,3e050d97cfb776b0f40a811849e681e76844024954b247328c14f732933cd910,f7772f56,multiclass_macro,macro,0.2690824659229892,0.22430531490436473,0.3126690346742755,,,6
BNCI2014_001,dgcnn_forward_graph_adapter,graph_z,graphcmi,9,0,3e050d97cfb776b0f40a811849e681e76844024954b247328c14f732933cd910,f7772f56,multiclass_pair,0v1,0.25764424184818485,0.1583730925683487,0.3545447426193883,0.004975124378109453,1.3523018530003683,8
BNCI2014_001,dgcnn_forward_graph_adapter,graph_z,graphcmi,9,0,3e050d97cfb776b0f40a811849e681e76844024954b247328c14f732933cd910,f7772f56,multiclass_pair,0v2,0.335854403017735,0.24223383871766505,0.40645515367368057,0.004975124378109453,1.5815589843384252,8
BNCI2014_001,dgcnn_forward_graph_adapter,graph_z,graphcmi,9,0,3e050d97cfb776b0f40a811849e681e76844024954b247328c14f732933cd910,f7772f56,multiclass_pair,0v3,0.21064454862993093,0.10919551580515292,0.28132564894255746,0.009950248756218905,1.0205639814314644,8
BNCI2014_001,dgcnn_forward_graph_adapter,graph_z,graphcmi,9,0,3e050d97cfb776b0f40a811849e681e76844024954b247328c14f732933cd910,f7772f56,multiclass_pair,1v2,0.16721740142615912,0.09379379160844258,0.24315036439540028,0.01990049751243781,1.5675080898460996,8
BNCI2014_001,dgcnn_forward_graph_adapter,graph_z,graphcmi,9,0,3e050d97cfb776b0f40a811849e681e76844024954b247328c14f732933cd910,f7772f56,multiclass_pair,1v3,0.2464869502481048,0.11667977498894311,0.360432026916503,0.004975124378109453,1.476945157879527,8
BNCI2014_001,dgcnn_forward_graph_adapter,graph_z,graphcmi,9,0,3e050d97cfb776b0f40a811849e681e76844024954b247328c14f732933cd910,f7772f56,multiclass_pair,2v3,0.39664725036782056,0.29782262276376575,0.48042498076029133,0.004975124378109453,1.6901071047171168,8
BNCI2014_001,dgcnn_forward_graph_adapter,graph_z,graphcmi,9,1,3e050d97cfb776b0f40a811849e681e76844024954b247328c14f732933cd910,f7772f56,multiclass_macro,macro,0.2581565816189872,0.20037996614368878,0.3124549514708728,,,6
BNCI2014_001,dgcnn_forward_graph_adapter,graph_z,graphcmi,9,1,3e050d97cfb776b0f40a811849e681e76844024954b247328c14f732933cd910,f7772f56,multiclass_pair,0v1,0.32119306007353865,0.23465863642598758,0.39788933288782136,0.004975124378109453,1.1405845309820242,8
BNCI2014_001,dgcnn_forward_graph_adapter,graph_z,graphcmi,9,1,3e050d97cfb776b0f40a811849e681e76844024954b247328c14f732933cd910,f7772f56,multiclass_pair,0v2,0.2729464495251131,0.17270581646639135,0.3442077043016659,0.004975124378109453,1.333158571469732,8
BNCI2014_001,dgcnn_forward_graph_adapter,graph_z,graphcmi,9,1,3e050d97cfb776b0f40a811849e681e76844024954b247328c14f732933cd910,f7772f56,multiclass_pair,0v3,0.10261980688206722,-0.03378010935410887,0.1922542644068837,0.06965174129353234,1.1394072947833425,8
BNCI2014_001,dgcnn_forward_graph_adapter,graph_z,graphcmi,9,1,3e050d97cfb776b0f40a811849e681e76844024954b247328c14f732933cd910,f7772f56,multiclass_pair,1v2,0.1747463885051368,0.06803505158756926,0.26831284361970575,0.01990049751243781,1.6149483496287529,8
BNCI2014_001,dgcnn_forward_graph_adapter,graph_z,graphcmi,9,1,3e050d97cfb776b0f40a811849e681e76844024954b247328c14f732933cd910,f7772f56,multiclass_pair,1v3,0.4193887876667711,0.2750648237166215,0.5230890911165054,0.004975124378109453,1.4653470609347072,8
BNCI2014_001,dgcnn_forward_graph_adapter,graph_z,graphcmi,9,1,3e050d97cfb776b0f40a811849e681e76844024954b247328c14f732933cd910,f7772f56,multiclass_pair,2v3,0.2580449970612963,0.07516503190805095,0.3877958541252877,0.004975124378109453,1.6559527441765738,8
BNCI2014_001,dgcnn_forward_graph_adapter,graph_z,graphcmi,9,2,3e050d97cfb776b0f40a811849e681e76844024954b247328c14f732933cd910,f7772f56,multiclass_macro,macro,0.235177401591634,0.17603862757533711,0.2919062763958485,,,6
BNCI2014_001,dgcnn_forward_graph_adapter,graph_z,graphcmi,9,2,3e050d97cfb776b0f40a811849e681e76844024954b247328c14f732933cd910,f7772f56,multiclass_pair,0v1,0.13610045577875024,0.05225703628783257,0.21964056997293352,0.04477611940298507,1.4119437540622573,8
BNCI2014_001,dgcnn_forward_graph_adapter,graph_z,graphcmi,9,2,3e050d97cfb776b0f40a811849e681e76844024954b247328c14f732933cd910,f7772f56,multiclass_pair,0v2,0.2629446524869365,0.14399818289698668,0.3560779212009591,0.004975124378109453,1.313548449320574,8
BNCI2014_001,dgcnn_forward_graph_adapter,graph_z,graphcmi,9,2,3e050d97cfb776b0f40a811849e681e76844024954b247328c14f732933cd910,f7772f56,multiclass_pair,0v3,0.2076519944444298,0.07289392357452826,0.31987274785844627,0.009950248756218905,1.0163030576739518,8
BNCI2014_001,dgcnn_forward_graph_adapter,graph_z,graphcmi,9,2,3e050d97cfb776b0f40a811849e681e76844024954b247328c14f732933cd910,f7772f56,multiclass_pair,1v2,0.07678923697972788,-0.017324194548328203,0.1684714214550063,0.08955223880597014,1.5155373808979036,8
BNCI2014_001,dgcnn_forward_graph_adapter,graph_z,graphcmi,9,2,3e050d97cfb776b0f40a811849e681e76844024954b247328c14f732933cd910,f7772f56,multiclass_pair,1v3,0.3262013974044608,0.13416033971776498,0.44798942747971127,0.004975124378109453,1.4259189875783949,8
BNCI2014_001,dgcnn_forward_graph_adapter,graph_z,graphcmi,9,2,3e050d97cfb776b0f40a811849e681e76844024954b247328c14f732933cd910,f7772f56,multiclass_pair,2v3,0.40137667245549874,0.2780851029068689,0.5096517265702754,0.004975124378109453,1.537272252869774,8
