seed,target,level,regime,candidate_order,neighbor_order,source_distance_primary,target_utility_gap,target_gauge_gap,large_target_gauge_gap,joint_good_disagreement,target_divergent,target_gauge_non_source_only,c27_class_conditioned_confidence_global_available,c29_representation_projection_global_available,candidate_level_representation_projection_atom_available
2,4,0,S0_full_support,26,27,0.016417823820007373,0.0,0.0,0,0,1,1,1,1,0
2,4,0,S3_nonestimable_cells,26,27,0.018315435338406787,0.0,0.0,0,0,1,1,1,1,0
2,4,0,S2_rare_cells,26,27,0.02036052385579968,0.0,0.0,0,0,1,1,1,1,0
0,3,0,S0_full_support,17,18,0.02497683211639291,0.01904252858139327,0.0017361111111111605,0,0,1,1,1,1,0
0,3,0,S2_rare_cells,17,18,0.027416409748465893,0.01904252858139327,0.0017361111111111605,0,0,1,1,1,1,0
0,3,0,S3_nonestimable_cells,17,18,0.027585023561558092,0.01904252858139327,0.0017361111111111605,0,0,1,1,1,1,0
2,4,0,S0_full_support,27,29,0.02945400722242499,0.04063710749918392,0.0017361111111110494,0,0,1,1,1,1,0
2,4,0,S2_rare_cells,27,29,0.029650140449775972,0.04063710749918392,0.0017361111111110494,0,0,1,1,1,1,0
2,4,0,S3_nonestimable_cells,27,29,0.029666303431442356,0.04063710749918392,0.0017361111111110494,0,0,1,1,1,1,0
0,3,0,S2_rare_cells,17,20,0.0326814282202647,0.002023014582223537,0.0,0,0,1,1,1,1,0
0,3,0,S2_rare_cells,17,19,0.03332056725444338,0.0015522585542931955,0.0,0,0,1,1,1,1,0
2,4,0,S0_full_support,27,30,0.03524375187467504,0.04063710749918392,0.0017361111111110494,0,0,1,1,1,1,0
2,4,0,S2_rare_cells,27,30,0.03528287728878694,0.04063710749918392,0.0017361111111110494,0,0,1,1,1,1,0
2,4,0,S3_nonestimable_cells,27,30,0.03566629372823825,0.04063710749918392,0.0017361111111110494,0,0,1,1,1,1,0
0,3,0,S2_rare_cells,17,21,0.03812847245243911,0.0025354377913314186,0.0,0,0,1,1,1,1,0
0,3,0,S2_rare_cells,17,22,0.040698532698553454,0.002952504116536414,0.0,0,0,1,1,1,1,0
2,4,0,S0_full_support,25,27,0.050016847664414145,0.0,0.0,0,0,1,1,1,1,0
2,4,0,S2_rare_cells,25,27,0.05049300453689945,0.0,0.0,0,0,1,1,1,1,0
2,4,0,S3_nonestimable_cells,25,27,0.050502369396636944,0.0,0.0,0,0,1,1,1,1,0
0,3,0,S3_nonestimable_cells,17,19,0.05542883475888527,0.0015522585542931955,0.0,0,0,1,1,1,1,0
0,3,0,S3_nonestimable_cells,17,22,0.055669215711188866,0.002952504116536414,0.0,0,0,1,1,1,1,0
0,3,0,S0_full_support,17,19,0.05812155508152191,0.0015522585542931955,0.0,0,0,1,1,1,1,0
0,3,0,S3_nonestimable_cells,17,20,0.06626073911878119,0.002023014582223537,0.0,0,0,1,1,1,1,0
0,3,0,S0_full_support,17,20,0.07035957782592156,0.002023014582223537,0.0,0,0,1,1,1,1,0
0,3,0,S0_full_support,17,22,0.07342554659439982,0.002952504116536414,0.0,0,0,1,1,1,1,0
2,4,0,S2_rare_cells,23,24,0.07516336179773443,0.040637107499186476,0.0017361111111111605,0,0,1,1,1,1,0
2,4,0,S3_nonestimable_cells,23,24,0.07617699270879706,0.040637107499186476,0.0017361111111111605,0,0,1,1,1,1,0
2,4,0,S0_full_support,23,24,0.07667996041707177,0.040637107499186476,0.0017361111111111605,0,0,1,1,1,1,0
0,3,0,S3_nonestimable_cells,17,21,0.08061974733756017,0.0025354377913314186,0.0,0,0,1,1,1,1,0
0,3,0,S0_full_support,17,21,0.09307295040740939,0.0025354377913314186,0.0,0,0,1,1,1,1,0
2,4,0,S2_rare_cells,21,22,0.09409125666415409,0.0812742149983704,0.00347222222222221,0,0,1,1,1,1,0
2,4,0,S3_nonestimable_cells,21,22,0.09412140504630592,0.0812742149983704,0.00347222222222221,0,0,1,1,1,1,0
2,4,0,S0_full_support,21,22,0.09447701540327887,0.0812742149983704,0.00347222222222221,0,0,1,1,1,1,0
2,4,0,S0_full_support,27,28,0.1136293117683128,0.04063710749918392,0.0017361111111110494,0,0,1,1,1,1,0
2,4,0,S2_rare_cells,27,28,0.11367085370335395,0.04063710749918392,0.0017361111111110494,0,0,1,1,1,1,0
2,4,0,S3_nonestimable_cells,27,28,0.11368653487896245,0.04063710749918392,0.0017361111111110494,0,0,1,1,1,1,0
0,3,0,S2_rare_cells,13,15,0.14536540389750008,0.0022691063749547546,1.1102230246251565e-16,0,0,1,1,1,1,0
0,3,0,S0_full_support,13,15,0.1508679198956845,0.0022691063749547546,1.1102230246251565e-16,0,0,1,1,1,1,0
2,4,0,S2_rare_cells,22,24,0.15257270165507322,0.0,0.0,0,0,1,1,1,1,0
0,3,0,S3_nonestimable_cells,13,15,0.1527679879580886,0.0022691063749547546,1.1102230246251565e-16,0,0,1,1,1,1,0
2,4,0,S2_rare_cells,21,23,0.1541529168840461,0.12191132249755687,0.00520833333333337,0,0,1,1,1,1,0
2,4,0,S3_nonestimable_cells,22,24,0.15597864313991397,0.0,0.0,0,0,1,1,1,1,0
2,4,0,S3_nonestimable_cells,21,23,0.156147267494892,0.12191132249755687,0.00520833333333337,0,0,1,1,1,1,0
2,4,0,S0_full_support,22,24,0.15615208964463603,0.0,0.0,0,0,1,1,1,1,0
2,4,0,S0_full_support,21,23,0.15654713016430866,0.12191132249755687,0.00520833333333337,0,0,1,1,1,1,0
2,9,1,S0_full_support,22,23,0.1581498224545381,0.011777080520368813,0.0,0,0,1,1,1,1,0
2,9,1,S3_nonestimable_cells,22,23,0.1825821979701365,0.011777080520368813,0.0,0,0,1,1,1,1,0
2,9,1,S3_nonestimable_cells,20,23,0.18999239684773858,0.020165584904098824,0.0017361111111111605,0,0,1,1,1,1,0
2,4,0,S2_rare_cells,20,21,0.19018687361434497,0.0812742149983704,0.00347222222222221,0,0,1,1,1,1,0
2,4,0,S3_nonestimable_cells,20,21,0.19070824698494918,0.0812742149983704,0.00347222222222221,0,0,1,1,1,1,0
2,4,0,S0_full_support,20,21,0.19130680683191967,0.0812742149983704,0.00347222222222221,0,0,1,1,1,1,0
2,9,1,S0_full_support,20,23,0.1928174244345891,0.020165584904098824,0.0017361111111111605,0,0,1,1,1,1,0
2,9,1,S2_rare_cells,20,23,0.19307229586346095,0.020165584904098824,0.0017361111111111605,0,0,1,1,1,1,0
0,2,0,S0_full_support,17,18,0.19428959651318464,0.010353188812660452,0.0009056490094436209,0,1,1,1,1,1,0
0,2,0,S3_nonestimable_cells,17,18,0.19531465994906833,0.010353188812660452,0.0009056490094436209,0,1,1,1,1,1,0
0,2,0,S2_rare_cells,17,18,0.20087620304737944,0.010353188812660452,0.0009056490094436209,0,1,1,1,1,1,0
2,9,1,S2_rare_cells,22,23,0.20496092173866198,0.011777080520368813,0.0,0,0,1,1,1,1,0
0,3,0,S2_rare_cells,12,15,0.2053639582404862,0.030595479039843443,0.0017361111111111605,0,0,1,1,1,1,0
2,4,0,S2_rare_cells,21,24,0.20673713786192094,0.0812742149983704,0.00347222222222221,0,0,1,1,1,1,0
2,4,0,S3_nonestimable_cells,21,24,0.2101559977470477,0.0812742149983704,0.00347222222222221,0,0,1,1,1,1,0
2,4,0,S0_full_support,21,24,0.2113304468731317,0.0812742149983704,0.00347222222222221,0,0,1,1,1,1,0
2,9,1,S2_rare_cells,21,23,0.22226145515262435,0.00961996923096016,0.0,0,0,1,1,1,1,0
2,9,1,S3_nonestimable_cells,21,23,0.22373085905917683,0.00961996923096016,0.0,0,0,1,1,1,1,0
2,9,1,S0_full_support,21,23,0.22459491212380367,0.00961996923096016,0.0,0,0,1,1,1,1,0
0,3,0,S3_nonestimable_cells,16,18,0.22832456162736237,0.0018441427501579288,1.1102230246251565e-16,0,0,1,1,1,1,0
0,3,0,S0_full_support,16,18,0.22928180570515788,0.0018441427501579288,1.1102230246251565e-16,0,0,1,1,1,1,0
0,3,0,S2_rare_cells,16,20,0.23050279257924178,0.022909685913774736,0.0017361111111110494,0,0,1,1,1,1,0
0,3,0,S2_rare_cells,16,18,0.23076366836944867,0.0018441427501579288,1.1102230246251565e-16,0,0,1,1,1,1,0
0,3,0,S2_rare_cells,16,19,0.23138209146262875,0.022438929885844394,0.0017361111111110494,0,0,1,1,1,1,0
0,3,0,S2_rare_cells,16,21,0.23181468785936105,0.023422109122882617,0.0017361111111110494,0,0,1,1,1,1,0
1,2,1,S0_full_support,12,15,0.23202322589189,0.021907953158392335,0.004042549523803229,0,0,1,1,1,1,0
0,3,0,S2_rare_cells,16,22,0.2326351402752297,0.023839175448087613,0.0017361111111110494,0,0,1,1,1,1,0
0,3,0,S3_nonestimable_cells,16,19,0.2332945599741244,0.022438929885844394,0.0017361111111110494,0,0,1,1,1,1,0
0,3,0,S3_nonestimable_cells,16,22,0.23390109452006358,0.023839175448087613,0.0017361111111110494,0,0,1,1,1,1,0
2,4,0,S0_full_support,23,28,0.23390769211207582,0.040637107499186476,0.0017361111111111605,0,0,1,1,1,1,0
2,4,0,S3_nonestimable_cells,23,28,0.23456644266215093,0.040637107499186476,0.0017361111111111605,0,0,1,1,1,1,0
2,4,0,S2_rare_cells,23,28,0.2345899794481402,0.040637107499186476,0.0017361111111111605,0,0,1,1,1,1,0
0,3,0,S3_nonestimable_cells,16,20,0.23604591717421203,0.022909685913774736,0.0017361111111110494,0,0,1,1,1,1,0
1,2,1,S3_nonestimable_cells,12,15,0.23681036783096907,0.021907953158392335,0.004042549523803229,0,0,1,1,1,1,0
0,3,0,S0_full_support,16,19,0.2368304266065418,0.022438929885844394,0.0017361111111110494,0,0,1,1,1,1,0
1,2,1,S2_rare_cells,12,15,0.23693469296107825,0.021907953158392335,0.004042549523803229,0,0,1,1,1,1,0
2,9,1,S3_nonestimable_cells,23,24,0.23702814240370113,0.018862173222344743,0.0017361111111111605,0,0,1,1,1,1,0
2,9,1,S0_full_support,23,24,0.23763573772340907,0.018862173222344743,0.0017361111111111605,0,0,1,1,1,1,0
2,9,1,S3_nonestimable_cells,23,25,0.24029125823068292,0.018101012302556174,0.0017361111111111605,0,0,1,1,1,1,0
0,3,0,S3_nonestimable_cells,16,21,0.2403113934187035,0.023422109122882617,0.0017361111111110494,0,0,1,1,1,1,0
2,9,1,S0_full_support,23,25,0.24056359024220647,0.018101012302556174,0.0017361111111111605,0,0,1,1,1,1,0
0,3,0,S0_full_support,16,20,0.24065724208859673,0.022909685913774736,0.0017361111111110494,0,0,1,1,1,1,0
0,3,0,S0_full_support,16,22,0.242183387341888,0.023839175448087613,0.0017361111111110494,0,0,1,1,1,1,0
0,3,0,S3_nonestimable_cells,12,15,0.24751304870601357,0.030595479039843443,0.0017361111111111605,0,0,1,1,1,1,0
0,3,0,S0_full_support,12,15,0.24784191438136174,0.030595479039843443,0.0017361111111111605,0,0,1,1,1,1,0
0,3,0,S0_full_support,16,21,0.24920269976900578,0.023422109122882617,0.0017361111111110494,0,0,1,1,1,1,0
2,9,1,S3_nonestimable_cells,23,26,0.2519002631867885,0.037131011550300574,0.00347222222222221,0,0,1,1,1,1,0
0,2,0,S0_full_support,17,19,0.2520348911293545,0.01811758952062087,0.0015733909135773883,0,1,1,1,1,1,0
0,3,0,S0_full_support,14,15,0.25233044346674877,0.0115226742698602,0.0,0,0,1,1,1,1,0
2,9,1,S0_full_support,23,26,0.25317359707973863,0.037131011550300574,0.00347222222222221,0,0,1,1,1,1,0
2,9,1,S2_rare_cells,23,24,0.2536353709064133,0.018862173222344743,0.0017361111111111605,0,0,1,1,1,1,0
0,3,0,S2_rare_cells,14,15,0.25401197655057395,0.0115226742698602,0.0,0,0,1,1,1,1,0
0,3,0,S3_nonestimable_cells,14,15,0.2540376756899939,0.0115226742698602,0.0,0,0,1,1,1,1,0
1,2,1,S2_rare_cells,13,15,0.2557883869616716,0.007508659241637461,0.00036683582230251366,0,0,1,1,1,1,0
1,2,1,S0_full_support,13,15,0.2558648723799579,0.007508659241637461,0.00036683582230251366,0,0,1,1,1,1,0
2,9,1,S2_rare_cells,23,25,0.25654881927584083,0.018101012302556174,0.0017361111111111605,0,0,1,1,1,1,0
1,2,1,S3_nonestimable_cells,14,15,0.2584284220156742,0.002603527506169656,0.0018823372817055595,0,0,1,1,1,1,0
1,2,1,S2_rare_cells,14,15,0.2584494482945899,0.002603527506169656,0.0018823372817055595,0,0,1,1,1,1,0
1,2,1,S3_nonestimable_cells,13,15,0.25884889740178624,0.007508659241637461,0.00036683582230251366,0,0,1,1,1,1,0
1,2,1,S0_full_support,12,16,0.25919020011220356,0.024105058588940964,0.003910863011641952,0,0,1,1,1,1,0
1,2,1,S0_full_support,14,15,0.25936758498607737,0.002603527506169656,0.0018823372817055595,0,0,1,1,1,1,0
2,9,1,S2_rare_cells,23,26,0.26300531316906517,0.037131011550300574,0.00347222222222221,0,0,1,1,1,1,0
1,2,1,S3_nonestimable_cells,12,16,0.264967852625822,0.024105058588940964,0.003910863011641952,0,0,1,1,1,1,0
1,2,1,S2_rare_cells,12,16,0.2653589074577631,0.024105058588940964,0.003910863011641952,0,0,1,1,1,1,0
1,2,1,S0_full_support,12,17,0.26587647568880834,0.02563909311720347,0.0038246223588557222,0,0,1,1,1,1,0
0,2,0,S3_nonestimable_cells,17,19,0.26724631784433356,0.01811758952062087,0.0015733909135773883,0,1,1,1,1,1,0
1,2,1,S3_nonestimable_cells,12,17,0.27103458679950243,0.02563909311720347,0.0038246223588557222,0,0,1,1,1,1,0
1,2,1,S2_rare_cells,12,17,0.27282924002867426,0.02563909311720347,0.0038246223588557222,0,0,1,1,1,1,0
1,2,1,S3_nonestimable_cells,14,16,0.2748197594086152,0.004800632936718285,0.002014023793866837,0,0,1,1,1,1,0
1,2,1,S2_rare_cells,14,16,0.27497767609952317,0.004800632936718285,0.002014023793866837,0,0,1,1,1,1,0
1,2,1,S0_full_support,14,16,0.27652443112287417,0.004800632936718285,0.002014023793866837,0,0,1,1,1,1,0
2,9,1,S0_full_support,23,27,0.27816395214820816,0.03673592581992545,0.00347222222222221,0,0,1,1,1,1,0
1,2,1,S3_nonestimable_cells,14,17,0.2787793732526405,0.006334667464980792,0.0021002644466530662,0,0,1,1,1,1,0
1,2,1,S2_rare_cells,14,17,0.27965923285449096,0.006334667464980792,0.0021002644466530662,0,0,1,1,1,1,0
1,2,1,S2_rare_cells,13,16,0.2798470580725491,0.00970576467218609,0.0004985223344637912,0,0,1,1,1,1,0
1,2,1,S0_full_support,13,16,0.27990247904816407,0.00970576467218609,0.0004985223344637912,0,0,1,1,1,1,0
0,2,0,S2_rare_cells,17,19,0.2801120290361691,0.01811758952062087,0.0015733909135773883,0,1,1,1,1,1,0
0,3,0,S2_rare_cells,14,18,0.280536446038886,0.011970346260050724,1.1102230246251565e-16,0,0,1,1,1,1,0
1,2,1,S0_full_support,14,17,0.2808262345049295,0.006334667464980792,0.0021002644466530662,0,0,1,1,1,1,0
0,3,0,S3_nonestimable_cells,14,18,0.28105751526528755,0.011970346260050724,1.1102230246251565e-16,0,0,1,1,1,1,0
0,3,0,S0_full_support,14,18,0.2817508087546562,0.011970346260050724,1.1102230246251565e-16,0,0,1,1,1,1,0
0,3,0,S3_nonestimable_cells,14,19,0.28188831705270745,0.008624440875635742,0.0017361111111110494,0,0,1,1,1,1,0
0,3,0,S2_rare_cells,14,19,0.28191066053082386,0.008624440875635742,0.0017361111111110494,0,0,1,1,1,1,0
0,3,0,S2_rare_cells,14,20,0.28270266675736233,0.009095196903566083,0.0017361111111110494,0,0,1,1,1,1,0
0,3,0,S3_nonestimable_cells,14,20,0.28325085581577253,0.009095196903566083,0.0017361111111110494,0,0,1,1,1,1,0
1,2,1,S3_nonestimable_cells,13,16,0.2836430114051542,0.00970576467218609,0.0004985223344637912,0,0,1,1,1,1,0
0,3,0,S2_rare_cells,14,21,0.2838629313484282,0.009607620112673965,0.0017361111111110494,0,0,1,1,1,1,0
1,2,1,S0_full_support,13,17,0.28489447002324075,0.011239799200448597,0.0005847629872500204,0,0,1,1,1,1,0
1,2,1,S2_rare_cells,13,17,0.2854449793554297,0.011239799200448597,0.0005847629872500204,0,0,1,1,1,1,0
0,3,0,S3_nonestimable_cells,14,21,0.28561005853204763,0.009607620112673965,0.0017361111111110494,0,0,1,1,1,1,0
0,3,0,S0_full_support,14,19,0.286989452950567,0.008624440875635742,0.0017361111111110494,0,0,1,1,1,1,0
2,9,1,S3_nonestimable_cells,23,27,0.2877216204746021,0.03673592581992545,0.00347222222222221,0,0,1,1,1,1,0
1,2,1,S3_nonestimable_cells,13,17,0.2881813617530061,0.011239799200448597,0.0005847629872500204,0,0,1,1,1,1,0
0,3,0,S2_rare_cells,14,22,0.2884030781835925,0.01002468643787896,0.0017361111111110494,0,0,1,1,1,1,0
0,3,0,S3_nonestimable_cells,14,22,0.2884115936977332,0.01002468643787896,0.0017361111111110494,0,0,1,1,1,1,0
2,4,0,S2_rare_cells,22,28,0.2886933694672259,0.0,0.0,0,0,1,1,1,1,0
2,9,1,S2_rare_cells,23,27,0.2889508423058083,0.03673592581992545,0.00347222222222221,0,0,1,1,1,1,0
2,4,0,S3_nonestimable_cells,22,28,0.2893477115816813,0.0,0.0,0,0,1,1,1,1,0
0,3,0,S0_full_support,14,20,0.2902092171160767,0.009095196903566083,0.0017361111111110494,0,0,1,1,1,1,0
2,4,0,S0_full_support,22,28,0.2903286701878097,0.0,0.0,0,0,1,1,1,1,0
0,3,0,S0_full_support,14,22,0.2960763708209517,0.01002468643787896,0.0017361111111110494,0,0,1,1,1,1,0
2,4,0,S0_full_support,19,21,0.2961835358991236,0.0812742149983704,0.00347222222222221,0,0,1,1,1,1,0
0,3,0,S0_full_support,14,21,0.29712551085004396,0.009607620112673965,0.0017361111111110494,0,0,1,1,1,1,0
0,2,1,S2_rare_cells,13,14,0.2976040826394085,0.04063710749918515,0.001736111111111105,0,1,1,1,1,1,0
2,9,1,S0_full_support,23,28,0.3001723406069058,0.036490989580027555,0.00347222222222221,0,0,1,1,1,1,0
0,2,1,S0_full_support,13,14,0.30080766087152583,0.04063710749918515,0.001736111111111105,0,1,1,1,1,1,0
2,4,0,S3_nonestimable_cells,19,21,0.30140010265762696,0.0812742149983704,0.00347222222222221,0,0,1,1,1,1,0
2,4,0,S2_rare_cells,19,21,0.30165924724639315,0.0812742149983704,0.00347222222222221,0,0,1,1,1,1,0
0,2,1,S3_nonestimable_cells,13,14,0.3036053734389839,0.04063710749918515,0.001736111111111105,0,1,1,1,1,1,0
2,4,0,S0_full_support,24,27,0.3037498873781616,0.04063710749918392,0.0017361111111110494,0,0,1,1,1,1,0
2,4,0,S2_rare_cells,24,27,0.3045984367635971,0.04063710749918392,0.0017361111111110494,0,0,1,1,1,1,0
2,4,0,S3_nonestimable_cells,24,27,0.30488255797535824,0.04063710749918392,0.0017361111111110494,0,0,1,1,1,1,0
2,9,1,S2_rare_cells,23,29,0.3121925867372142,0.03606428810890088,0.00347222222222221,0,0,1,1,1,1,0
2,4,0,S2_rare_cells,21,28,0.31309535034645203,0.0812742149983704,0.00347222222222221,0,0,1,1,1,1,0
2,4,0,S3_nonestimable_cells,21,28,0.31398797433211256,0.0812742149983704,0.00347222222222221,0,0,1,1,1,1,0
2,9,1,S0_full_support,23,29,0.3141428845740256,0.03606428810890088,0.00347222222222221,0,0,1,1,1,1,0
2,9,1,S2_rare_cells,17,23,0.31471896611843,0.03242325071705876,0.0,0,0,1,1,1,1,0
2,4,0,S0_full_support,21,28,0.31559235753307696,0.0812742149983704,0.00347222222222221,0,0,1,1,1,1,0
2,9,1,S3_nonestimable_cells,23,28,0.31795035088692475,0.036490989580027555,0.00347222222222221,0,0,1,1,1,1,0
2,9,1,S3_nonestimable_cells,17,23,0.32523335362349043,0.03242325071705876,0.0,0,0,1,1,1,1,0
0,3,0,S2_rare_cells,15,16,0.3266409835672089,0.025337163280068853,0.0,0,0,1,1,1,1,0
0,3,0,S0_full_support,15,16,0.32671944348209025,0.025337163280068853,0.0,0,0,1,1,1,1,0
0,3,0,S3_nonestimable_cells,15,16,0.3267333048953556,0.025337163280068853,0.0,0,0,1,1,1,1,0
2,9,1,S2_rare_cells,23,28,0.32677164895636157,0.036490989580027555,0.00347222222222221,0,0,1,1,1,1,0
2,9,1,S3_nonestimable_cells,23,29,0.3273569190054266,0.03606428810890088,0.00347222222222221,0,0,1,1,1,1,0
2,4,0,S0_full_support,23,25,0.33055674273019103,2.55351295663786e-15,1.1102230246251565e-16,0,0,1,1,1,1,0
2,4,0,S2_rare_cells,23,25,0.33088194416188216,2.55351295663786e-15,1.1102230246251565e-16,0,0,1,1,1,1,0
2,4,0,S3_nonestimable_cells,23,25,0.3308868949210123,2.55351295663786e-15,1.1102230246251565e-16,0,0,1,1,1,1,0
2,4,0,S0_full_support,23,26,0.33879914282502455,2.55351295663786e-15,1.1102230246251565e-16,0,0,1,1,1,1,0
0,2,0,S0_full_support,17,20,0.3389476257600782,0.024690692062892317,0.0013451510261932031,0,1,1,1,1,1,0
2,4,0,S2_rare_cells,23,26,0.33959403410005123,2.55351295663786e-15,1.1102230246251565e-16,0,0,1,1,1,1,0
2,4,0,S3_nonestimable_cells,23,26,0.3396000408916439,2.55351295663786e-15,1.1102230246251565e-16,0,0,1,1,1,1,0
1,2,1,S0_full_support,12,18,0.34539055195140245,0.02631801461532135,0.0037905845027785263,0,0,1,1,1,1,0
1,2,1,S2_rare_cells,12,18,0.3462998217990507,0.02631801461532135,0.0037905845027785263,0,0,1,1,1,1,0
2,4,0,S2_rare_cells,20,24,0.3464334236267366,0.0,0.0,0,0,1,1,1,1,0
1,2,1,S3_nonestimable_cells,12,18,0.3467776340416012,0.02631801461532135,0.0037905845027785263,0,0,1,1,1,1,0
1,2,1,S2_rare_cells,12,19,0.3471246472757767,0.027264561636268336,0.0037246764375821746,0,0,1,1,1,1,0
1,2,1,S0_full_support,12,19,0.34712758785166964,0.027264561636268336,0.0037246764375821746,0,0,1,1,1,1,0
1,2,1,S3_nonestimable_cells,12,19,0.34844858647569116,0.027264561636268336,0.0037246764375821746,0,0,1,1,1,1,0
2,4,0,S3_nonestimable_cells,20,24,0.3503361827429337,0.0,0.0,0,0,1,1,1,1,0
0,2,0,S3_nonestimable_cells,17,20,0.3503749760451909,0.024690692062892317,0.0013451510261932031,0,1,1,1,1,1,0
1,2,1,S0_full_support,12,20,0.3507511157986609,0.02814273247543253,0.0036687993161322314,0,0,1,1,1,1,0
1,2,1,S3_nonestimable_cells,12,20,0.3520316819460416,0.02814273247543253,0.0036687993161322314,0,0,1,1,1,1,0
2,4,0,S0_full_support,20,24,0.35271843124359276,0.0,0.0,0,0,1,1,1,1,0
1,2,1,S2_rare_cells,12,20,0.35300006756559105,0.02814273247543253,0.0036687993161322314,0,0,1,1,1,1,0
1,2,1,S2_rare_cells,12,21,0.3531220758439307,0.028675521146638294,0.0036373373402799887,0,0,1,1,1,1,0
1,2,1,S0_full_support,12,21,0.3532039826232703,0.028675521146638294,0.0036373373402799887,0,0,1,1,1,1,0
1,2,1,S3_nonestimable_cells,12,21,0.3541246051719888,0.028675521146638294,0.0036373373402799887,0,0,1,1,1,1,0
1,2,1,S0_full_support,12,25,0.35761860369430015,0.030492989632698753,0.003523708853536533,0,0,1,1,1,1,0
1,2,1,S3_nonestimable_cells,12,25,0.3586727037394578,0.030492989632698753,0.003523708853536533,0,0,1,1,1,1,0
2,9,1,S0_full_support,17,23,0.3589331941043218,0.03242325071705876,0.0,0,0,1,1,1,1,0
1,2,1,S2_rare_cells,12,25,0.35962659477413006,0.030492989632698753,0.003523708853536533,0,0,1,1,1,1,0
1,2,1,S0_full_support,12,22,0.36150193170198636,0.029212810717912263,0.003605273243285356,0,0,1,1,1,1,0
2,4,0,S0_full_support,23,29,0.36187539074108954,0.040637107499186476,0.0017361111111111605,0,0,1,1,1,1,0
1,2,1,S2_rare_cells,12,23,0.3619379440733007,0.029727385083514246,0.0035718271016196286,0,0,1,1,1,1,0
2,4,0,S2_rare_cells,23,29,0.36253525600496456,0.040637107499186476,0.0017361111111111605,0,0,1,1,1,1,0
2,4,0,S3_nonestimable_cells,23,29,0.3625432750157186,0.040637107499186476,0.0017361111111111605,0,0,1,1,1,1,0
1,2,1,S3_nonestimable_cells,12,22,0.3625674663518885,0.029212810717912263,0.003605273243285356,0,0,1,1,1,1,0
1,2,1,S0_full_support,12,23,0.3628435310764913,0.029727385083514246,0.0035718271016196286,0,0,1,1,1,1,0
1,2,1,S2_rare_cells,12,22,0.3634641776573677,0.029212810717912263,0.003605273243285356,0,0,1,1,1,1,0
1,2,1,S3_nonestimable_cells,12,23,0.36379700564707856,0.029727385083514246,0.0035718271016196286,0,0,1,1,1,1,0
1,2,1,S0_full_support,12,24,0.36417267779351176,0.03011059747410083,0.003547516264888417,0,0,1,1,1,1,0
0,2,0,S2_rare_cells,17,20,0.3646703845348948,0.024690692062892317,0.0013451510261932031,0,1,1,1,1,1,0
1,2,1,S0_full_support,12,26,0.3647414060669789,0.030818898038320053,0.0035025794187271138,0,0,1,1,1,1,0
1,2,1,S3_nonestimable_cells,12,24,0.365072635983011,0.03011059747410083,0.003547516264888417,0,0,1,1,1,1,0
1,2,1,S0_full_support,12,27,0.3652318030746336,0.030994478490912192,0.003492059838494987,0,0,1,1,1,1,0
1,2,1,S0_full_support,12,28,0.3657080690381492,0.03115255218906665,0.0034820302034159196,0,0,1,1,1,1,0
1,2,1,S3_nonestimable_cells,12,26,0.3657145060905074,0.030818898038320053,0.0035025794187271138,0,0,1,1,1,1,0
1,2,1,S2_rare_cells,12,26,0.3658817749167778,0.030818898038320053,0.0035025794187271138,0,0,1,1,1,1,0
1,2,1,S2_rare_cells,12,24,0.3662212242252613,0.03011059747410083,0.003547516264888417,0,0,1,1,1,1,0
1,2,1,S3_nonestimable_cells,12,27,0.3662223888488046,0.030994478490912192,0.003492059838494987,0,0,1,1,1,1,0
1,2,1,S3_nonestimable_cells,12,28,0.36662988578680966,0.03115255218906665,0.0034820302034159196,0,0,1,1,1,1,0
1,2,1,S2_rare_cells,12,28,0.36681069335364214,0.03115255218906665,0.0034820302034159196,0,0,1,1,1,1,0
2,4,0,S0_full_support,23,30,0.3669724453226107,0.040637107499186476,0.0017361111111111605,0,0,1,1,1,1,0
1,2,1,S2_rare_cells,12,27,0.36706555030582017,0.030994478490912192,0.003492059838494987,0,0,1,1,1,1,0
2,4,0,S2_rare_cells,23,30,0.3678929403195184,0.040637107499186476,0.0017361111111111605,0,0,1,1,1,1,0
2,4,0,S3_nonestimable_cells,23,30,0.36791467415662804,0.040637107499186476,0.0017361111111111605,0,0,1,1,1,1,0
2,4,0,S2_rare_cells,20,28,0.3698731456250422,0.0,0.0,0,0,1,1,1,1,0
2,4,0,S3_nonestimable_cells,20,28,0.3717958531979807,0.0,0.0,0,0,1,1,1,1,0
2,4,0,S0_full_support,20,28,0.374738769891641,0.0,0.0,0,0,1,1,1,1,0
2,9,1,S3_nonestimable_cells,19,23,0.37628581735415906,0.017594356598987886,0.0017361111111111605,0,0,1,1,1,1,0
2,4,0,S2_rare_cells,20,25,0.3764415258771221,0.04063710749918392,0.0017361111111110494,0,0,1,1,1,1,0
2,9,1,S2_rare_cells,19,23,0.37752955799420657,0.017594356598987886,0.0017361111111111605,0,0,1,1,1,1,0
2,4,0,S2_rare_cells,22,25,0.3780669284326632,0.04063710749918392,0.0017361111111110494,0,0,1,1,1,1,0
2,4,0,S3_nonestimable_cells,20,25,0.3785589049195897,0.04063710749918392,0.0017361111111110494,0,0,1,1,1,1,0
2,4,0,S3_nonestimable_cells,22,25,0.37866150497556544,0.04063710749918392,0.0017361111111110494,0,0,1,1,1,1,0
2,4,0,S0_full_support,22,25,0.37929135499348676,0.04063710749918392,0.0017361111111110494,0,0,1,1,1,1,0
2,4,0,S2_rare_cells,21,25,0.3794894982983871,0.12191132249755432,0.005208333333333259,0,0,1,1,1,1,0
2,4,0,S3_nonestimable_cells,21,25,0.3803694795850179,0.12191132249755432,0.005208333333333259,0,0,1,1,1,1,0
2,4,0,S0_full_support,20,25,0.3811203568934121,0.04063710749918392,0.0017361111111110494,0,0,1,1,1,1,0
2,4,0,S0_full_support,21,25,0.3814646225029549,0.12191132249755432,0.005208333333333259,0,0,1,1,1,1,0
2,9,1,S0_full_support,19,23,0.3842115943680827,0.017594356598987886,0.0017361111111111605,0,0,1,1,1,1,0
2,4,0,S2_rare_cells,22,26,0.38565505428426494,0.04063710749918392,0.0017361111111110494,0,0,1,1,1,1,0
2,4,0,S3_nonestimable_cells,22,26,0.3860429050411512,0.04063710749918392,0.0017361111111110494,0,0,1,1,1,1,0
2,4,0,S0_full_support,22,26,0.3869045058064366,0.04063710749918392,0.0017361111111110494,0,0,1,1,1,1,0
2,4,0,S2_rare_cells,21,26,0.39069659138960744,0.12191132249755432,0.005208333333333259,0,0,1,1,1,1,0
2,4,0,S2_rare_cells,21,27,0.39110447684944166,0.12191132249755432,0.005208333333333259,0,0,1,1,1,1,0
2,4,0,S3_nonestimable_cells,21,26,0.3913761609231505,0.12191132249755432,0.005208333333333259,0,0,1,1,1,1,0
2,4,0,S3_nonestimable_cells,21,27,0.3916485000040022,0.12191132249755432,0.005208333333333259,0,0,1,1,1,1,0
2,4,0,S2_rare_cells,20,26,0.3918741656557641,0.04063710749918392,0.0017361111111110494,0,0,1,1,1,1,0
2,4,0,S0_full_support,21,27,0.39261000716764805,0.12191132249755432,0.005208333333333259,0,0,1,1,1,1,0
2,4,0,S0_full_support,21,26,0.3928138532165436,0.12191132249755432,0.005208333333333259,0,0,1,1,1,1,0
2,4,0,S3_nonestimable_cells,20,26,0.39365872402308133,0.04063710749918392,0.0017361111111110494,0,0,1,1,1,1,0
2,4,0,S0_full_support,20,26,0.39675644118059644,0.04063710749918392,0.0017361111111110494,0,0,1,1,1,1,0
2,4,0,S2_rare_cells,20,29,0.408131983009238,0.0,0.0,0,0,1,1,1,1,0
2,4,0,S2_rare_cells,22,29,0.4088859822092602,0.0,0.0,0,0,1,1,1,1,0
2,4,0,S3_nonestimable_cells,22,29,0.40917726651524733,0.0,0.0,0,0,1,1,1,1,0
2,4,0,S3_nonestimable_cells,20,29,0.40951061160713037,0.0,0.0,0,0,1,1,1,1,0
2,4,0,S0_full_support,22,29,0.4099723755872388,0.0,0.0,0,0,1,1,1,1,0
2,4,0,S2_rare_cells,22,30,0.4119258604663304,0.0,0.0,0,0,1,1,1,1,0
2,4,0,S3_nonestimable_cells,22,30,0.4120333767107863,0.0,0.0,0,0,1,1,1,1,0
1,2,1,S2_rare_cells,14,18,0.412392135917758,0.007013588963098671,0.002134302302730262,0,0,1,1,1,1,0
2,4,0,S0_full_support,20,29,0.4124417393971191,0.0,0.0,0,0,1,1,1,1,0
2,4,0,S2_rare_cells,21,29,0.412476571881498,0.0812742149983704,0.00347222222222221,0,0,1,1,1,1,0
1,2,1,S3_nonestimable_cells,14,18,0.4126077512562303,0.007013588963098671,0.002134302302730262,0,0,1,1,1,1,0
2,4,0,S0_full_support,22,30,0.4126519419446796,0.0,0.0,0,0,1,1,1,1,0
2,4,0,S2_rare_cells,20,30,0.41289601803316994,0.0,0.0,0,0,1,1,1,1,0
2,4,0,S3_nonestimable_cells,21,29,0.4129334851824699,0.0812742149983704,0.00347222222222221,0,0,1,1,1,1,0
1,2,1,S2_rare_cells,14,19,0.41332268023485785,0.007960135984045658,0.002200210367926614,0,0,1,1,1,1,0
2,4,0,S3_nonestimable_cells,20,30,0.413806875806465,0.0,0.0,0,0,1,1,1,1,0
1,2,1,S3_nonestimable_cells,14,19,0.41384109358103544,0.007960135984045658,0.002200210367926614,0,0,1,1,1,1,0
2,9,1,S3_nonestimable_cells,16,23,0.41404229957445843,0.029496944786572124,0.0,0,0,1,1,1,1,0
2,4,0,S0_full_support,21,29,0.414303651823474,0.0812742149983704,0.00347222222222221,0,0,1,1,1,1,0
1,2,1,S0_full_support,14,18,0.4152956959309615,0.007013588963098671,0.002134302302730262,0,0,1,1,1,1,0
1,2,1,S3_nonestimable_cells,14,20,0.4160096108229935,0.008838306823209852,0.002256087489376557,0,0,1,1,1,1,0
2,4,0,S2_rare_cells,21,30,0.4160856894040693,0.0812742149983704,0.00347222222222221,0,0,1,1,1,1,0
2,4,0,S3_nonestimable_cells,21,30,0.41626845774810006,0.0812742149983704,0.00347222222222221,0,0,1,1,1,1,0
1,2,1,S2_rare_cells,14,20,0.41637734634092005,0.008838306823209852,0.002256087489376557,0,0,1,1,1,1,0
2,4,0,S0_full_support,20,30,0.4163956553272358,0.0,0.0,0,0,1,1,1,1,0
1,2,1,S0_full_support,14,19,0.41640866484833783,0.007960135984045658,0.002200210367926614,0,0,1,1,1,1,0
1,2,1,S2_rare_cells,14,21,0.4169197025902772,0.009371095494415616,0.0022875494652287998,0,0,1,1,1,1,0
1,2,1,S3_nonestimable_cells,14,21,0.417341119038487,0.009371095494415616,0.0022875494652287998,0,0,1,1,1,1,0
2,4,0,S0_full_support,21,30,0.4174108012872084,0.0812742149983704,0.00347222222222221,0,0,1,1,1,1,0
1,2,1,S0_full_support,14,20,0.41868674815256374,0.008838306823209852,0.002256087489376557,0,0,1,1,1,1,0
1,2,1,S3_nonestimable_cells,14,25,0.4200066733079453,0.011188563980476074,0.0024011779519722554,0,0,1,1,1,1,0
1,2,1,S0_full_support,14,21,0.42025128973659215,0.009371095494415616,0.0022875494652287998,0,0,1,1,1,1,0
1,2,1,S2_rare_cells,14,25,0.42038061752076666,0.011188563980476074,0.0024011779519722554,0,0,1,1,1,1,0
1,2,1,S2_rare_cells,13,18,0.4211274017451923,0.011918720698566476,0.0006188008433272163,0,0,1,1,1,1,0
1,2,1,S2_rare_cells,13,19,0.4217539943804553,0.012865267719513462,0.000684708908523568,0,0,1,1,1,1,0
1,2,1,S2_rare_cells,14,23,0.42242402432025805,0.010422959431291567,0.00235305970388916,0,0,1,1,1,1,0
1,2,1,S3_nonestimable_cells,14,22,0.4224421920461944,0.009908385065689584,0.0023196135622234326,0,0,1,1,1,1,0
1,2,1,S2_rare_cells,14,22,0.4228194390449022,0.009908385065689584,0.0023196135622234326,0,0,1,1,1,1,0
1,2,1,S0_full_support,14,25,0.42287096632191606,0.011188563980476074,0.0024011779519722554,0,0,1,1,1,1,0
1,2,1,S3_nonestimable_cells,14,23,0.42327860670887735,0.010422959431291567,0.00235305970388916,0,0,1,1,1,1,0
1,2,1,S0_full_support,13,18,0.42371681754760215,0.011918720698566476,0.0006188008433272163,0,0,1,1,1,1,0
1,2,1,S3_nonestimable_cells,13,18,0.42391829468171727,0.011918720698566476,0.0006188008433272163,0,0,1,1,1,1,0
1,2,1,S3_nonestimable_cells,14,24,0.42411571242239593,0.010806171821878152,0.0023773705406203716,0,0,1,1,1,1,0
1,2,1,S3_nonestimable_cells,14,26,0.42442235133597794,0.011514472386097374,0.0024223073867816747,0,0,1,1,1,1,0
1,2,1,S2_rare_cells,14,26,0.42446059823941,0.011514472386097374,0.0024223073867816747,0,0,1,1,1,1,0
1,2,1,S2_rare_cells,14,24,0.4246145409006691,0.010806171821878152,0.0023773705406203716,0,0,1,1,1,1,0
1,2,1,S3_nonestimable_cells,14,27,0.4247497934517882,0.011690052838689513,0.0024328269670138014,0,0,1,1,1,1,0
1,2,1,S0_full_support,13,19,0.4247575363545205,0.012865267719513462,0.000684708908523568,0,0,1,1,1,1,0
1,2,1,S3_nonestimable_cells,13,19,0.424989842662932,0.012865267719513462,0.000684708908523568,0,0,1,1,1,1,0
1,2,1,S3_nonestimable_cells,14,28,0.42501914206737884,0.011848126536843973,0.002442856602092869,0,0,1,1,1,1,0
1,2,1,S2_rare_cells,14,28,0.4250637554629315,0.011848126536843973,0.002442856602092869,0,0,1,1,1,1,0
1,2,1,S2_rare_cells,14,27,0.4251016866360283,0.011690052838689513,0.0024328269670138014,0,0,1,1,1,1,0
1,2,1,S2_rare_cells,13,20,0.42567473876716483,0.013743438558677656,0.0007405860299735112,0,0,1,1,1,1,0
1,2,1,S2_rare_cells,13,21,0.425835636388052,0.01427622722988342,0.000772048005825754,0,0,1,1,1,1,0
1,2,1,S0_full_support,14,22,0.4258454963171058,0.009908385065689584,0.0023196135622234326,0,0,1,1,1,1,0
1,2,1,S0_full_support,14,23,0.4267163096145041,0.010422959431291567,0.00235305970388916,0,0,1,1,1,1,0
1,2,1,S0_full_support,13,20,0.42736057555317547,0.013743438558677656,0.0007405860299735112,0,0,1,1,1,1,0
1,2,1,S3_nonestimable_cells,13,20,0.42757177948649394,0.013743438558677656,0.0007405860299735112,0,0,1,1,1,1,0
1,2,1,S0_full_support,14,24,0.42760390002524423,0.010806171821878152,0.0023773705406203716,0,0,1,1,1,1,0
1,2,1,S0_full_support,14,26,0.4277546061220987,0.011514472386097374,0.0024223073867816747,0,0,1,1,1,1,0
1,2,1,S0_full_support,14,27,0.42807222886568386,0.011690052838689513,0.0024328269670138014,0,0,1,1,1,1,0
1,2,1,S0_full_support,14,28,0.4283896936129283,0.011848126536843973,0.002442856602092869,0,0,1,1,1,1,0
0,2,0,S0_full_support,17,21,0.42885230850517636,0.030122780859108522,0.0018127300449620187,0,1,1,1,1,1,0
1,2,1,S3_nonestimable_cells,13,21,0.4289462895300866,0.01427622722988342,0.000772048005825754,0,0,1,1,1,1,0
1,2,1,S0_full_support,13,21,0.429011325681638,0.01427622722988342,0.000772048005825754,0,0,1,1,1,1,0
1,2,1,S2_rare_cells,13,25,0.429634458863498,0.01609369571594388,0.0008856764925692096,0,0,1,1,1,1,0
1,2,1,S0_full_support,13,25,0.4314954870891345,0.01609369571594388,0.0008856764925692096,0,0,1,1,1,1,0
1,2,1,S3_nonestimable_cells,13,25,0.4315575857113299,0.01609369571594388,0.0008856764925692096,0,0,1,1,1,1,0
1,2,1,S2_rare_cells,13,23,0.43289703770822036,0.015328091166759372,0.000837558244486114,0,0,1,1,1,1,0
1,2,1,S2_rare_cells,13,22,0.43381390854502216,0.01481351680115739,0.0008041121028203868,0,0,1,1,1,1,0
1,2,1,S2_rare_cells,13,26,0.43514544131347,0.01641960412156518,0.0009068059273786289,0,0,1,1,1,1,0
1,2,1,S2_rare_cells,13,24,0.4357542079140314,0.015711303557345957,0.0008618690812173257,0,0,1,1,1,1,0
1,2,1,S2_rare_cells,13,28,0.4358250453789198,0.016753258272311777,0.000927355142689823,0,0,1,1,1,1,0
1,2,1,S2_rare_cells,13,27,0.4359658674555906,0.016595184574157318,0.0009173255076107556,0,0,1,1,1,1,0
1,2,1,S3_nonestimable_cells,13,22,0.4360556356068335,0.01481351680115739,0.0008041121028203868,0,0,1,1,1,1,0
1,2,1,S0_full_support,13,22,0.43608109500572145,0.01481351680115739,0.0008041121028203868,0,0,1,1,1,1,0
1,2,1,S3_nonestimable_cells,13,23,0.4368953453360352,0.015328091166759372,0.000837558244486114,0,0,1,1,1,1,0
1,2,1,S0_full_support,13,23,0.4369828269912884,0.015328091166759372,0.000837558244486114,0,0,1,1,1,1,0
1,2,1,S3_nonestimable_cells,13,26,0.4378131559005739,0.01641960412156518,0.0009068059273786289,0,0,1,1,1,1,0
1,2,1,S3_nonestimable_cells,13,24,0.437830522007817,0.015711303557345957,0.0008618690812173257,0,0,1,1,1,1,0
1,2,1,S0_full_support,13,26,0.4378424394823822,0.01641960412156518,0.0009068059273786289,0,0,1,1,1,1,0
1,2,1,S0_full_support,13,24,0.43795039015126036,0.015711303557345957,0.0008618690812173257,0,0,1,1,1,1,0
1,2,1,S3_nonestimable_cells,13,27,0.4381987309862608,0.016595184574157318,0.0009173255076107556,0,0,1,1,1,1,0
1,2,1,S0_full_support,13,27,0.4382052390256256,0.016595184574157318,0.0009173255076107556,0,0,1,1,1,1,0
1,2,1,S3_nonestimable_cells,13,28,0.438490655474363,0.016753258272311777,0.000927355142689823,0,0,1,1,1,1,0
1,2,1,S0_full_support,13,28,0.43854984704780786,0.016753258272311777,0.000927355142689823,0,0,1,1,1,1,0
0,2,1,S0_full_support,13,15,0.44357069444411296,0.0812742149983716,0.0034722222222222654,0,1,1,1,1,1,0
2,9,1,S2_rare_cells,16,23,0.4455057049729482,0.029496944786572124,0.0,0,0,1,1,1,1,0
0,2,0,S3_nonestimable_cells,17,21,0.44618041529486663,0.030122780859108522,0.0018127300449620187,0,1,1,1,1,1,0
0,2,1,S2_rare_cells,13,15,0.44630298490979353,0.0812742149983716,0.0034722222222222654,0,1,1,1,1,1,0
0,2,1,S3_nonestimable_cells,13,15,0.4489730706934507,0.0812742149983716,0.0034722222222222654,0,1,1,1,1,1,0
2,9,1,S0_full_support,16,23,0.46123476033466654,0.029496944786572124,0.0,0,0,1,1,1,1,0
0,2,0,S2_rare_cells,17,21,0.46430579596806343,0.030122780859108522,0.0018127300449620187,0,1,1,1,1,1,0
0,2,0,S0_full_support,17,22,0.46590961300846345,0.03222778171776047,0.002028252293563515,0,1,1,1,1,1,0
0,3,0,S3_nonestimable_cells,15,17,0.47271022040876975,0.004450491948517654,0.0017361111111110494,0,0,1,1,1,1,0
0,3,0,S0_full_support,15,17,0.47279063356848555,0.004450491948517654,0.0017361111111110494,0,0,1,1,1,1,0
0,3,0,S2_rare_cells,15,17,0.473121783424937,0.004450491948517654,0.0017361111111110494,0,0,1,1,1,1,0
0,2,0,S3_nonestimable_cells,17,22,0.4772709329984907,0.03222778171776047,0.002028252293563515,0,1,1,1,1,1,0
0,2,0,S0_full_support,16,18,0.483881700879781,0.02493236266060389,0.0029252140826010464,0,1,1,1,1,1,0
0,2,0,S3_nonestimable_cells,16,18,0.48583294964262486,0.02493236266060389,0.0029252140826010464,0,1,1,1,1,1,0
2,4,0,S0_full_support,17,18,0.4913239096215815,0.0812742149983704,0.00347222222222221,0,0,1,1,1,1,0
2,4,0,S0_full_support,19,24,0.4939741977064068,0.0,0.0,0,0,1,1,1,1,0
2,4,0,S2_rare_cells,19,24,0.49440865945261125,0.0,0.0,0,0,1,1,1,1,0
2,4,0,S2_rare_cells,17,18,0.4949482487194646,0.0812742149983704,0.00347222222222221,0,0,1,1,1,1,0
2,4,0,S3_nonestimable_cells,19,24,0.49792446242077637,0.0,0.0,0,0,1,1,1,1,0
2,4,0,S3_nonestimable_cells,17,18,0.49818405585190445,0.0812742149983704,0.00347222222222221,0,0,1,1,1,1,0
0,2,0,S2_rare_cells,17,22,0.4984080312742358,0.03222778171776047,0.002028252293563515,0,1,1,1,1,1,0
0,2,0,S2_rare_cells,16,18,0.5070557106934613,0.02493236266060389,0.0029252140826010464,0,1,1,1,1,1,0
0,2,0,S0_full_support,17,23,0.5171486072207374,0.0361733792503241,0.00237090461936057,0,1,1,1,1,1,0
0,2,0,S3_nonestimable_cells,17,23,0.5243424834211109,0.0361733792503241,0.00237090461936057,0,1,1,1,1,1,0
2,4,0,S2_rare_cells,19,28,0.5277441905739512,0.0,0.0,0,0,1,1,1,1,0
2,4,0,S3_nonestimable_cells,19,28,0.5290555289394606,0.0,0.0,0,0,1,1,1,1,0
2,4,0,S0_full_support,19,28,0.5292507234151975,0.0,0.0,0,0,1,1,1,1,0
0,2,0,S0_full_support,17,24,0.5362846934756782,0.03804869630147867,0.002534943194969108,0,1,1,1,1,1,0
0,2,0,S0_full_support,16,19,0.5386128653089564,0.03269676336856431,0.0035929559867348138,0,1,1,1,1,1,0
2,4,0,S2_rare_cells,19,25,0.5401105739221922,0.04063710749918392,0.0017361111111110494,0,0,1,1,1,1,0
2,4,0,S0_full_support,19,25,0.5406723070772398,0.04063710749918392,0.0017361111111110494,0,0,1,1,1,1,0
0,2,0,S3_nonestimable_cells,17,24,0.5407218891832811,0.03804869630147867,0.002534943194969108,0,1,1,1,1,1,0
2,4,0,S3_nonestimable_cells,19,25,0.5417180751785491,0.04063710749918392,0.0017361111111110494,0,0,1,1,1,1,0
2,4,0,S2_rare_cells,19,26,0.5503348905166151,0.04063710749918392,0.0017361111111110494,0,0,1,1,1,1,0
2,4,0,S3_nonestimable_cells,19,26,0.5519011718560208,0.04063710749918392,0.0017361111111110494,0,0,1,1,1,1,0
0,2,0,S2_rare_cells,17,23,0.5523167447391066,0.0361733792503241,0.00237090461936057,0,1,1,1,1,1,0
2,4,0,S0_full_support,19,26,0.55276461339143,0.04063710749918392,0.0017361111111110494,0,0,1,1,1,1,0
0,2,0,S3_nonestimable_cells,16,19,0.5543189520788225,0.03269676336856431,0.0035929559867348138,0,1,1,1,1,1,0
0,2,0,S0_full_support,17,25,0.5568963691412112,0.03906661913820142,0.004371841241287644,0,1,1,1,1,1,0
0,2,0,S3_nonestimable_cells,17,25,0.5606104911624868,0.03906661913820142,0.004371841241287644,0,1,1,1,1,1,0
2,4,0,S2_rare_cells,19,29,0.5640569020330342,0.0,0.0,0,0,1,1,1,1,0
2,9,1,S3_nonestimable_cells,18,23,0.5643197697639856,0.03503654173452275,0.0,0,0,1,1,1,1,0
2,4,0,S3_nonestimable_cells,19,29,0.5648930695938601,0.0,0.0,0,0,1,1,1,1,0
2,4,0,S0_full_support,19,29,0.5659563345323314,0.0,0.0,0,0,1,1,1,1,0
2,4,0,S2_rare_cells,19,30,0.5665313532615387,0.0,0.0,0,0,1,1,1,1,0
2,4,0,S3_nonestimable_cells,19,30,0.5667392822715672,0.0,0.0,0,0,1,1,1,1,0
0,3,0,S3_nonestimable_cells,13,18,0.5675885028156012,0.02122391415495617,0.0,0,0,1,1,1,1,0
2,4,0,S0_full_support,19,30,0.5679694170419444,0.0,0.0,0,0,1,1,1,1,0
0,2,0,S2_rare_cells,17,24,0.5690381108676016,0.03804869630147867,0.002534943194969108,0,1,1,1,1,1,0
0,3,0,S0_full_support,13,18,0.5694812365560987,0.02122391415495617,0.0,0,0,1,1,1,1,0
2,9,1,S0_full_support,18,23,0.5702087955450377,0.03503654173452275,0.0,0,0,1,1,1,1,0
2,9,1,S2_rare_cells,18,23,0.570576630018067,0.03503654173452275,0.0,0,0,1,1,1,1,0
0,3,0,S2_rare_cells,13,18,0.5706159987037183,0.02122391415495617,0.0,0,0,1,1,1,1,0
0,3,0,S2_rare_cells,13,20,0.5712388108792557,0.00015837099133936272,0.0017361111111111605,0,0,1,1,1,1,0
0,3,0,S2_rare_cells,13,19,0.5718514791687135,0.000629127019269704,0.0017361111111111605,0,0,1,1,1,1,0
0,3,0,S2_rare_cells,13,21,0.5737504928888689,0.00035405221776851903,0.0017361111111111605,0,0,1,1,1,1,0
0,3,0,S2_rare_cells,12,18,0.5740988054073289,0.007102458509932519,0.0017361111111110494,0,0,1,1,1,1,0
0,3,0,S3_nonestimable_cells,13,19,0.5745512024335385,0.000629127019269704,0.0017361111111111605,0,0,1,1,1,1,0
0,3,0,S2_rare_cells,12,20,0.5747677856682488,0.028168001673549325,0.00347222222222221,0,0,1,1,1,1,0
0,3,0,S2_rare_cells,13,22,0.5753788918043402,0.0007711185429735146,0.0017361111111111605,0,0,1,1,1,1,0
0,3,0,S2_rare_cells,12,19,0.5759719945527432,0.027697245645618984,0.00347222222222221,0,0,1,1,1,1,0
0,3,0,S3_nonestimable_cells,13,22,0.5774817133289644,0.0007711185429735146,0.0017361111111111605,0,0,1,1,1,1,0
0,3,0,S3_nonestimable_cells,13,20,0.5780295553155772,0.00015837099133936272,0.0017361111111111605,0,0,1,1,1,1,0
0,3,0,S0_full_support,13,19,0.5784519175633807,0.000629127019269704,0.0017361111111111605,0,0,1,1,1,1,0
0,3,0,S2_rare_cells,12,21,0.5786145047543565,0.028680424882657207,0.00347222222222221,0,0,1,1,1,1,0
0,3,0,S2_rare_cells,12,22,0.57977173330995,0.029097491207862203,0.00347222222222221,0,0,1,1,1,1,0
0,2,0,S0_full_support,17,26,0.5819920835659933,0.04102394025164313,0.006283886031321129,0,1,1,1,1,1,0
0,2,0,S3_nonestimable_cells,17,26,0.5825477055192704,0.04102394025164313,0.006283886031321129,0,1,1,1,1,1,0
0,3,0,S0_full_support,13,20,0.5826310408054176,0.00015837099133936272,0.0017361111111111605,0,0,1,1,1,1,0
0,3,0,S3_nonestimable_cells,13,21,0.5826993624377602,0.00035405221776851903,0.0017361111111111605,0,0,1,1,1,1,0
0,2,0,S2_rare_cells,16,19,0.5834664188407264,0.03269676336856431,0.0035929559867348138,0,1,1,1,1,1,0
0,3,0,S3_nonestimable_cells,12,18,0.58370381449775,0.007102458509932519,0.0017361111111110494,0,0,1,1,1,1,0
0,3,0,S0_full_support,13,22,0.5861422376576284,0.0007711185429735146,0.0017361111111111605,0,0,1,1,1,1,0
0,2,0,S2_rare_cells,17,25,0.5873329144607671,0.03906661913820142,0.004371841241287644,0,1,1,1,1,1,0
0,3,0,S0_full_support,12,18,0.5884326778918065,0.007102458509932519,0.0017361111111110494,0,0,1,1,1,1,0
0,3,0,S0_full_support,13,21,0.5903526495247533,0.00035405221776851903,0.0017361111111111605,0,0,1,1,1,1,0
0,2,1,S0_full_support,12,14,0.592164609425087,0.12191132249755546,0.005208333333333315,0,1,1,1,1,1,0
0,3,0,S3_nonestimable_cells,12,19,0.5960086625662001,0.027697245645618984,0.00347222222222221,0,0,1,1,1,1,0
0,2,1,S0_full_support,13,16,0.596844001900708,0.0812742149983716,0.0034722222222222654,0,1,1,1,1,1,0
0,3,0,S3_nonestimable_cells,12,22,0.5982955528997962,0.029097491207862203,0.00347222222222221,0,0,1,1,1,1,0
0,3,0,S3_nonestimable_cells,12,20,0.601450119945083,0.028168001673549325,0.00347222222222221,0,0,1,1,1,1,0
0,2,1,S2_rare_cells,13,16,0.6026545527615521,0.0812742149983716,0.0034722222222222654,0,1,1,1,1,1,0
0,2,1,S2_rare_cells,12,14,0.6026647234320125,0.12191132249755546,0.005208333333333315,0,1,1,1,1,1,0
0,3,0,S0_full_support,12,19,0.6040265243602913,0.027697245645618984,0.00347222222222221,0,0,1,1,1,1,0
0,2,1,S3_nonestimable_cells,13,16,0.6069340250211773,0.0812742149983716,0.0034722222222222654,0,1,1,1,1,1,0
0,3,0,S3_nonestimable_cells,12,21,0.6089851756841386,0.028680424882657207,0.00347222222222221,0,0,1,1,1,1,0
0,2,0,S2_rare_cells,17,26,0.6093401506921235,0.04102394025164313,0.006283886031321129,0,1,1,1,1,1,0
0,3,0,S0_full_support,12,20,0.6104504262463298,0.028168001673549325,0.00347222222222221,0,0,1,1,1,1,0
0,3,0,S0_full_support,12,22,0.6142074839847941,0.029097491207862203,0.00347222222222221,0,0,1,1,1,1,0
0,2,0,S0_full_support,16,20,0.6179471018263049,0.039269865910835755,0.0033647160993506287,0,1,1,1,1,1,0
0,2,0,S3_nonestimable_cells,15,18,0.6188684760569897,0.04702442624784753,0.005045300232929373,0,1,1,1,1,1,0
2,9,1,S2_rare_cells,15,23,0.6190087814165413,0.061668543714226684,0.00347222222222221,0,0,1,1,1,1,0
0,2,1,S3_nonestimable_cells,12,14,0.6191682169422945,0.12191132249755546,0.005208333333333315,0,1,1,1,1,1,0
0,3,0,S0_full_support,12,21,0.622518998636079,0.028680424882657207,0.00347222222222221,0,0,1,1,1,1,0
2,9,1,S3_nonestimable_cells,15,23,0.6235283165371537,0.061668543714226684,0.00347222222222221,0,0,1,1,1,1,0
0,2,0,S3_nonestimable_cells,16,20,0.6299974420433909,0.039269865910835755,0.0033647160993506287,0,1,1,1,1,1,0
0,2,0,S0_full_support,15,18,0.6363988224928341,0.04702442624784753,0.005045300232929373,0,1,1,1,1,1,0
0,2,0,S2_rare_cells,15,18,0.6430434388723184,0.04702442624784753,0.005045300232929373,0,1,1,1,1,1,0
0,2,0,S2_rare_cells,16,20,0.661011022066872,0.039269865910835755,0.0033647160993506287,0,1,1,1,1,1,0
2,4,0,S3_nonestimable_cells,14,15,0.7020164625955199,0.20318553749592583,0.008680555555555525,0,0,1,1,1,1,0
2,4,0,S2_rare_cells,14,15,0.7036027791037616,0.20318553749592583,0.008680555555555525,0,0,1,1,1,1,0
0,2,0,S3_nonestimable_cells,15,19,0.7117966221263372,0.054788826955807945,0.00571304213706314,0,1,1,1,1,1,0
0,2,0,S0_full_support,16,21,0.7141658081063198,0.04470195470705196,0.0038322951181194442,0,1,1,1,1,1,0
0,2,0,S0_full_support,15,19,0.7145199704666488,0.054788826955807945,0.00571304213706314,0,1,1,1,1,1,0
2,4,0,S0_full_support,14,15,0.7246422541754869,0.20318553749592583,0.008680555555555525,0,0,1,1,1,1,0
0,2,0,S3_nonestimable_cells,16,21,0.732836631036976,0.04470195470705196,0.0038322951181194442,0,1,1,1,1,1,0
0,2,1,S0_full_support,12,15,0.7368048457116456,0.1625484299967419,0.006944444444444475,0,1,1,1,1,1,0
0,2,1,S0_full_support,13,17,0.7387423107908916,0.12191132249755676,0.00520833333333337,0,1,1,1,1,1,0
0,2,0,S2_rare_cells,15,19,0.7426427122679259,0.054788826955807945,0.00571304213706314,0,1,1,1,1,1,0
0,2,1,S2_rare_cells,12,15,0.7437681208025204,0.1625484299967419,0.006944444444444475,0,1,1,1,1,1,0
0,3,1,S0_full_support,12,13,0.7461817873318708,0.0,0.0,0,0,1,1,1,1,0
0,2,0,S0_full_support,16,22,0.7476310012056222,0.04680695556570391,0.0040478173667209405,0,1,1,1,1,1,0
0,2,1,S2_rare_cells,13,17,0.7554326746342214,0.12191132249755676,0.00520833333333337,0,1,1,1,1,1,0
0,2,1,S3_nonestimable_cells,12,15,0.7561801958433012,0.1625484299967419,0.006944444444444475,0,1,1,1,1,1,0
0,3,1,S2_rare_cells,12,13,0.7564979104557037,0.0,0.0,0,0,1,1,1,1,0
0,3,1,S3_nonestimable_cells,12,13,0.756524735383137,0.0,0.0,0,0,1,1,1,1,0
0,2,0,S3_nonestimable_cells,16,22,0.7601762706938765,0.04680695556570391,0.0040478173667209405,0,1,1,1,1,1,0
2,9,1,S0_full_support,15,23,0.7629636590042554,0.061668543714226684,0.00347222222222221,0,0,1,1,1,1,0
0,7,1,S3_nonestimable_cells,14,15,0.7641600233380689,0.3343637893395625,0.02933763455902591,1,1,1,1,1,1,0
0,2,0,S2_rare_cells,16,21,0.7670839390622891,0.04470195470705196,0.0038322951181194442,0,1,1,1,1,1,0
0,2,1,S3_nonestimable_cells,13,17,0.7673890252148918,0.12191132249755676,0.00520833333333337,0,1,1,1,1,1,0
0,7,1,S2_rare_cells,14,15,0.7718939941151505,0.3343637893395625,0.02933763455902591,1,1,1,1,1,1,0
0,7,1,S0_full_support,14,15,0.7866427814494635,0.3343637893395625,0.02933763455902591,1,1,1,1,1,1,0
0,2,0,S2_rare_cells,16,22,0.7976218593706415,0.04680695556570391,0.0040478173667209405,0,1,1,1,1,1,0
0,2,0,S3_nonestimable_cells,15,20,0.7982537917426329,0.06136192949807939,0.005484802249678955,0,1,1,1,1,1,0
0,2,0,S0_full_support,16,23,0.7998211566779483,0.05075255309826754,0.004390469692517995,0,1,1,1,1,1,0
0,2,0,S0_full_support,15,20,0.8054959533760444,0.06136192949807939,0.005484802249678955,0,1,1,1,1,1,0
0,2,0,S3_nonestimable_cells,16,23,0.8079997541242927,0.05075255309826754,0.004390469692517995,0,1,1,1,1,1,0
2,4,0,S3_nonestimable_cells,18,21,0.8173287034415531,0.08127421499836918,0.0034722222222221544,0,0,1,1,1,1,0
2,4,0,S2_rare_cells,18,21,0.8175074891099339,0.08127421499836918,0.0034722222222221544,0,0,1,1,1,1,0
0,2,0,S0_full_support,16,24,0.8185498595015082,0.05262787014942211,0.004554508268126534,0,1,1,1,1,1,0
2,4,0,S0_full_support,18,21,0.8194585357726104,0.08127421499836918,0.0034722222222221544,0,0,1,1,1,1,0
0,2,0,S3_nonestimable_cells,16,24,0.8239340403700903,0.05262787014942211,0.004554508268126534,0,1,1,1,1,1,0
0,2,1,S0_full_support,13,18,0.8265683056077409,0.0812742149983703,0.00347222222222221,0,1,1,1,1,1,0
2,4,0,S2_rare_cells,17,19,0.8297271379717981,0.08127421499837162,0.0034722222222222654,0,0,1,1,1,1,0
0,2,0,S2_rare_cells,15,20,0.8303841610510071,0.06136192949807939,0.005484802249678955,0,1,1,1,1,1,0
2,4,0,S0_full_support,17,19,0.8319794654328807,0.08127421499837162,0.0034722222222222654,0,0,1,1,1,1,0
2,4,0,S3_nonestimable_cells,17,19,0.8321010152941254,0.08127421499837162,0.0034722222222222654,0,0,1,1,1,1,0
0,2,0,S0_full_support,16,25,0.8365484248017667,0.05364579298614486,0.0063914063144450695,0,1,1,1,1,1,0
0,2,0,S3_nonestimable_cells,16,25,0.8412074602103996,0.05364579298614486,0.0063914063144450695,0,1,1,1,1,1,0
0,2,1,S2_rare_cells,13,18,0.8471602695226494,0.0812742149983703,0.00347222222222221,0,1,1,1,1,1,0
0,2,0,S2_rare_cells,16,23,0.8523284156266547,0.05075255309826754,0.004390469692517995,0,1,1,1,1,1,0
0,2,0,S0_full_support,16,26,0.861340070252801,0.05560311409958657,0.008303451104478554,0,1,1,1,1,1,0
0,2,0,S3_nonestimable_cells,16,26,0.8628018228282799,0.05560311409958657,0.008303451104478554,0,1,1,1,1,1,0
0,2,1,S3_nonestimable_cells,13,18,0.8633610690640973,0.0812742149983703,0.00347222222222221,0,1,1,1,1,1,0
2,4,0,S0_full_support,16,18,0.8681521042595077,0.12191132249755565,0.005208333333333315,0,0,1,1,1,1,0
0,2,0,S2_rare_cells,16,24,0.8686188008238594,0.05262787014942211,0.004554508268126534,0,1,1,1,1,1,0
2,4,0,S2_rare_cells,16,18,0.8687869415451395,0.12191132249755565,0.005208333333333315,0,0,1,1,1,1,0
2,4,0,S3_nonestimable_cells,16,18,0.8728381833720462,0.12191132249755565,0.005208333333333315,0,0,1,1,1,1,0
0,2,1,S0_full_support,13,19,0.8745773857473489,0.0812742149983703,0.00347222222222221,0,1,1,1,1,1,0
0,2,0,S0_full_support,15,21,0.8782869805183723,0.0667940182942956,0.005952381268447771,0,1,1,1,1,1,0
0,2,0,S3_nonestimable_cells,15,21,0.8797668231789825,0.0667940182942956,0.005952381268447771,0,1,1,1,1,1,0
0,2,0,S2_rare_cells,16,25,0.8844129391246054,0.05364579298614486,0.0063914063144450695,0,1,1,1,1,1,0
0,2,1,S0_full_support,11,14,0.8880809886469724,0.24382264499511092,0.01041666666666663,0,1,1,1,1,1,0
0,2,1,S2_rare_cells,11,14,0.8899858207966491,0.24382264499511092,0.01041666666666663,0,1,1,1,1,1,0
0,2,1,S0_full_support,12,16,0.8903245546090697,0.1625484299967419,0.006944444444444475,0,1,1,1,1,1,0
0,2,1,S2_rare_cells,13,19,0.9006365866332049,0.0812742149983703,0.00347222222222221,0,1,1,1,1,1,0
0,2,1,S2_rare_cells,12,16,0.9008933137098595,0.1625484299967419,0.006944444444444475,0,1,1,1,1,1,0
0,2,0,S2_rare_cells,16,26,0.9061123154858122,0.05560311409958657,0.008303451104478554,0,1,1,1,1,1,0
1,3,0,S2_rare_cells,17,18,0.9108725407675341,0.19670187429713476,0.01041666666666663,0,1,1,1,1,1,0
0,2,0,S3_nonestimable_cells,15,22,0.9110228433667419,0.06889901915294755,0.006167903517049267,0,1,1,1,1,1,0
0,2,1,S3_nonestimable_cells,12,16,0.914312335218023,0.1625484299967419,0.006944444444444475,0,1,1,1,1,1,0
1,3,0,S3_nonestimable_cells,17,18,0.9149127320638339,0.19670187429713476,0.01041666666666663,0,1,1,1,1,1,0
0,2,0,S2_rare_cells,15,21,0.9164017824523185,0.0667940182942956,0.005952381268447771,0,1,1,1,1,1,0
0,2,0,S0_full_support,15,22,0.916501080425691,0.06889901915294755,0.006167903517049267,0,1,1,1,1,1,0
0,2,1,S3_nonestimable_cells,13,19,0.9196741651212686,0.0812742149983703,0.00347222222222221,0,1,1,1,1,1,0
0,2,1,S3_nonestimable_cells,11,14,0.9221739047124472,0.24382264499511092,0.01041666666666663,0,1,1,1,1,1,0
1,3,0,S0_full_support,17,18,0.9223741962533153,0.19670187429713476,0.01041666666666663,0,1,1,1,1,1,0
0,2,1,S0_full_support,13,20,0.9275955345570135,0.0812742149983716,0.0034722222222222654,0,1,1,1,1,1,0
0,2,1,S0_full_support,13,21,0.9286545666697841,0.12191132249755676,0.00520833333333337,0,1,1,1,1,1,0
1,1,0,S3_nonestimable_cells,15,16,0.9399023717849807,0.0911898923918597,0.017361111111111105,0,0,1,1,1,1,0
1,1,0,S2_rare_cells,15,16,0.9409058686822587,0.0911898923918597,0.017361111111111105,0,0,1,1,1,1,0
0,2,0,S2_rare_cells,15,22,0.9508013150012724,0.06889901915294755,0.006167903517049267,0,1,1,1,1,1,0
0,2,1,S2_rare_cells,13,20,0.9520274384749782,0.0812742149983716,0.0034722222222222654,0,1,1,1,1,1,0
2,4,0,S2_rare_cells,18,24,0.9529913308895197,1.2212453270876722e-15,5.551115123125783e-17,0,0,1,1,1,1,0
2,4,0,S3_nonestimable_cells,18,24,0.9551596594571979,1.2212453270876722e-15,5.551115123125783e-17,0,0,1,1,1,1,0
2,4,0,S0_full_support,17,21,0.9553188407851635,1.2212453270876722e-15,5.551115123125783e-17,0,0,1,1,1,1,0
2,4,0,S2_rare_cells,17,21,0.9561755098735822,1.2212453270876722e-15,5.551115123125783e-17,0,0,1,1,1,1,0
2,4,0,S0_full_support,18,24,0.9581240441485552,1.2212453270876722e-15,5.551115123125783e-17,0,0,1,1,1,1,0
0,2,1,S2_rare_cells,13,21,0.9585093234354296,0.12191132249755676,0.00520833333333337,0,1,1,1,1,1,0
2,4,0,S3_nonestimable_cells,17,21,0.9591825344624503,1.2212453270876722e-15,5.551115123125783e-17,0,0,1,1,1,1,0
1,3,0,S0_full_support,16,17,0.960891773021065,0.08874226393339774,0.00868055555555558,0,0,1,1,1,1,0
1,3,0,S2_rare_cells,16,17,0.9626582825444511,0.08874226393339774,0.00868055555555558,0,0,1,1,1,1,0
0,2,0,S3_nonestimable_cells,15,23,0.963539656206052,0.07284461668551118,0.006510555842846322,0,1,1,1,1,1,0
2,4,0,S0_full_support,17,20,0.9637225372914134,0.08127421499837162,0.0034722222222222654,0,0,1,1,1,1,0
2,4,0,S2_rare_cells,17,20,0.966939125543595,0.08127421499837162,0.0034722222222222654,0,0,1,1,1,1,0
1,3,0,S3_nonestimable_cells,16,17,0.9680928217755924,0.08874226393339774,0.00868055555555558,0,0,1,1,1,1,0
0,2,1,S3_nonestimable_cells,13,20,0.9686327276069944,0.0812742149983716,0.0034722222222222654,0,1,1,1,1,1,0
2,4,0,S3_nonestimable_cells,17,20,0.9687439437859804,0.08127421499837162,0.0034722222222222654,0,0,1,1,1,1,0
0,2,0,S0_full_support,15,23,0.9741571212032659,0.07284461668551118,0.006510555842846322,0,1,1,1,1,1,0
1,1,0,S0_full_support,15,16,0.97450169490195,0.0911898923918597,0.017361111111111105,0,0,1,1,1,1,0
0,2,1,S3_nonestimable_cells,13,21,0.9803931381635644,0.12191132249755676,0.00520833333333337,0,1,1,1,1,1,0
0,2,0,S3_nonestimable_cells,15,24,0.9822721849581851,0.07471993373666574,0.00667459441845486,0,1,1,1,1,1,0
0,2,0,S0_full_support,15,24,0.995727700494135,0.07471993373666574,0.00667459441845486,0,1,1,1,1,1,0
0,2,1,S0_full_support,13,22,0.997631554902447,0.12191132249755676,0.00520833333333337,0,1,1,1,1,1,0
2,4,0,S2_rare_cells,17,22,1.0008120687233928,0.08127421499837162,0.0034722222222222654,0,0,1,1,1,1,0
2,4,0,S0_full_support,17,22,1.0012009525355015,0.08127421499837162,0.0034722222222222654,0,0,1,1,1,1,0
0,2,0,S3_nonestimable_cells,15,25,1.002932906195455,0.0757378565733885,0.008511492464773396,0,1,1,1,1,1,0
2,4,0,S3_nonestimable_cells,17,22,1.0038943909644862,0.08127421499837162,0.0034722222222222654,0,0,1,1,1,1,0
0,2,0,S2_rare_cells,15,23,1.0100752387122436,0.07284461668551118,0.006510555842846322,0,1,1,1,1,1,0
1,1,0,S3_nonestimable_cells,15,18,1.0121516744924426,0.2537383223886016,0.02430555555555558,1,0,1,1,1,1,0
0,2,0,S0_full_support,15,25,1.0174783861718903,0.0757378565733885,0.008511492464773396,0,1,1,1,1,1,0
0,2,0,S3_nonestimable_cells,15,26,1.0258317640568198,0.07769517768683021,0.01042353725480688,0,1,1,1,1,1,0
0,2,1,S2_rare_cells,13,22,1.0280685292012048,0.12191132249755676,0.00520833333333337,0,1,1,1,1,1,0
1,1,0,S2_rare_cells,15,18,1.028169111378231,0.2537383223886016,0.02430555555555558,1,0,1,1,1,1,0
0,2,0,S2_rare_cells,15,24,1.0290913133158313,0.07471993373666574,0.00667459441845486,0,1,1,1,1,1,0
0,2,1,S0_full_support,12,17,1.0425826847122415,0.20318553749592708,0.00868055555555558,0,1,1,1,1,1,0
0,7,1,S0_full_support,13,14,1.0427793012596622,0.12945608053094987,0.031120892569221403,1,0,1,1,1,1,0
0,2,0,S0_full_support,15,26,1.0439393312320207,0.07769517768683021,0.01042353725480688,0,1,1,1,1,1,0
0,2,1,S3_nonestimable_cells,13,22,1.047052493663258,0.12191132249755676,0.00520833333333337,0,1,1,1,1,1,0
0,2,0,S2_rare_cells,15,25,1.0479418068946031,0.0757378565733885,0.008511492464773396,0,1,1,1,1,1,0
0,2,1,S2_rare_cells,11,15,1.059372226071693,0.2844597524942974,0.01215277777777779,0,1,1,1,1,1,0
0,2,1,S2_rare_cells,12,17,1.063372032243888,0.20318553749592708,0.00868055555555558,0,1,1,1,1,1,0
0,2,1,S0_full_support,11,15,1.0636003858457945,0.2844597524942974,0.01215277777777779,0,1,1,1,1,1,0
2,4,0,S2_rare_cells,17,23,1.0705019728087217,0.1219113224975581,0.005208333333333426,0,0,1,1,1,1,0
0,2,1,S0_full_support,13,23,1.0707461610195976,0.12191132249755676,0.00520833333333337,0,1,1,1,1,1,0
0,2,0,S2_rare_cells,15,26,1.070789631154493,0.07769517768683021,0.01042353725480688,0,1,1,1,1,1,0
2,4,0,S0_full_support,17,23,1.070953425641616,0.1219113224975581,0.005208333333333426,0,0,1,1,1,1,0
2,4,0,S3_nonestimable_cells,17,23,1.075655646764177,0.1219113224975581,0.005208333333333426,0,0,1,1,1,1,0
0,2,1,S3_nonestimable_cells,12,17,1.0847294022940384,0.20318553749592708,0.00868055555555558,0,1,1,1,1,1,0
0,2,1,S3_nonestimable_cells,11,15,1.0856129950460596,0.2844597524942974,0.01215277777777779,0,1,1,1,1,1,0
2,4,0,S2_rare_cells,18,28,1.0939835130084279,1.2212453270876722e-15,5.551115123125783e-17,0,0,1,1,1,1,0
2,4,0,S3_nonestimable_cells,18,28,1.0947220352241622,1.2212453270876722e-15,5.551115123125783e-17,0,0,1,1,1,1,0
0,2,1,S2_rare_cells,13,23,1.098636854345008,0.12191132249755676,0.00520833333333337,0,1,1,1,1,1,0
2,4,0,S0_full_support,18,28,1.0989005807767898,1.2212453270876722e-15,5.551115123125783e-17,0,0,1,1,1,1,0
0,2,1,S0_full_support,13,24,1.1008229771778617,0.12191132249755676,0.00520833333333337,0,1,1,1,1,1,0
0,2,1,S0_full_support,13,25,1.1054720617171117,0.12191132249755676,0.00520833333333337,0,1,1,1,1,1,0
0,2,1,S0_full_support,13,26,1.1069063965944066,0.12191132249755676,0.00520833333333337,0,1,1,1,1,1,0
0,2,1,S0_full_support,13,27,1.1087393910555006,0.12191132249755676,0.00520833333333337,0,1,1,1,1,1,0
2,4,0,S2_rare_cells,12,13,1.1127134691031335,0.16577590128228603,0.006944444444444364,0,0,1,1,1,1,0
0,2,1,S3_nonestimable_cells,13,23,1.116118751339216,0.12191132249755676,0.00520833333333337,0,1,1,1,1,1,0
0,2,1,S0_full_support,12,18,1.120145697333954,0.16254842999674063,0.00694444444444442,0,1,1,1,1,1,0
0,2,0,S3_nonestimable_cells,14,18,1.1202214196807654,0.08015018159821435,0.01081953008917741,0,1,1,1,1,1,0
0,2,1,S2_rare_cells,10,11,1.1250743483780108,0.40454819604134307,0.010416666666666685,0,0,1,1,1,1,0
0,2,1,S2_rare_cells,13,24,1.1283978131041577,0.12191132249755676,0.00520833333333337,0,1,1,1,1,1,0
2,4,0,S3_nonestimable_cells,12,13,1.128526777255962,0.16577590128228603,0.006944444444444364,0,0,1,1,1,1,0
0,2,1,S2_rare_cells,13,25,1.1335134785360477,0.12191132249755676,0.00520833333333337,0,1,1,1,1,1,0
0,2,0,S2_rare_cells,14,18,1.1360101800556002,0.08015018159821435,0.01081953008917741,0,1,1,1,1,1,0
0,2,1,S2_rare_cells,13,26,1.1360610820144332,0.12191132249755676,0.00520833333333337,0,1,1,1,1,1,0
0,2,0,S0_full_support,14,18,1.1362378384101293,0.08015018159821435,0.01081953008917741,0,1,1,1,1,1,0
0,7,1,S3_nonestimable_cells,13,14,1.1366659024894858,0.12945608053094987,0.031120892569221403,1,0,1,1,1,1,0
0,2,1,S2_rare_cells,13,27,1.1381147407262604,0.12191132249755676,0.00520833333333337,0,1,1,1,1,1,0
0,2,1,S3_nonestimable_cells,10,11,1.1381225772440784,0.40454819604134307,0.010416666666666685,0,0,1,1,1,1,0
1,5,0,S2_rare_cells,8,9,1.1437147556144271,1.0790386468526454,0.026041666666666713,1,1,1,1,1,1,0
0,2,1,S3_nonestimable_cells,13,24,1.1464010393681598,0.12191132249755676,0.00520833333333337,0,1,1,1,1,1,0
0,2,1,S2_rare_cells,12,18,1.146848476322658,0.16254842999674063,0.00694444444444442,0,1,1,1,1,1,0
0,2,1,S0_full_support,12,19,1.1480626437005614,0.16254842999674063,0.00694444444444442,0,1,1,1,1,1,0
2,4,0,S0_full_support,12,13,1.151907002729159,0.16577590128228603,0.006944444444444364,0,0,1,1,1,1,0
0,2,1,S3_nonestimable_cells,13,25,1.1523609856038033,0.12191132249755676,0.00520833333333337,0,1,1,1,1,1,0
1,3,0,S2_rare_cells,17,19,1.1544928569505817,0.2600340075597077,0.015625,0,1,1,1,1,1,0
0,2,1,S3_nonestimable_cells,13,26,1.1550809903471697,0.12191132249755676,0.00520833333333337,0,1,1,1,1,1,0
0,2,1,S0_full_support,10,11,1.1573958593158198,0.40454819604134307,0.010416666666666685,0,0,1,1,1,1,0
0,2,1,S3_nonestimable_cells,13,27,1.1576186733937572,0.12191132249755676,0.00520833333333337,0,1,1,1,1,1,0
2,4,0,S2_rare_cells,18,25,1.1624661782254615,0.04063710749918514,0.001736111111111105,0,0,1,1,1,1,0
2,4,0,S3_nonestimable_cells,18,25,1.1633495498091222,0.04063710749918514,0.001736111111111105,0,0,1,1,1,1,0
2,4,0,S0_full_support,18,25,1.1666412598629454,0.04063710749918514,0.001736111111111105,0,0,1,1,1,1,0
0,2,1,S3_nonestimable_cells,10,14,1.1679825742814363,0.16072555104623215,0.020833333333333315,1,1,1,1,1,1,0
1,3,0,S3_nonestimable_cells,17,19,1.1717757908870146,0.2600340075597077,0.015625,0,1,1,1,1,1,0
2,4,0,S2_rare_cells,18,26,1.1722344236703632,0.04063710749918514,0.001736111111111105,0,0,1,1,1,1,0
0,2,1,S3_nonestimable_cells,12,18,1.172912299214684,0.16254842999674063,0.00694444444444442,0,1,1,1,1,1,0
2,4,0,S3_nonestimable_cells,18,26,1.1731264753337423,0.04063710749918514,0.001736111111111105,0,0,1,1,1,1,0
0,7,1,S2_rare_cells,13,14,1.1735523230137064,0.12945608053094987,0.031120892569221403,1,0,1,1,1,1,0
0,2,1,S2_rare_cells,10,14,1.1736358907462419,0.16072555104623215,0.020833333333333315,1,1,1,1,1,1,0
2,4,0,S0_full_support,18,26,1.1772680629613703,0.04063710749918514,0.001736111111111105,0,0,1,1,1,1,0
0,2,1,S2_rare_cells,12,19,1.181764987114529,0.16254842999674063,0.00694444444444442,0,1,1,1,1,1,0
0,2,1,S0_full_support,11,16,1.183094986575357,0.2844597524942974,0.01215277777777779,0,1,1,1,1,1,0
0,2,1,S2_rare_cells,11,16,1.184190579677388,0.2844597524942974,0.01215277777777779,0,1,1,1,1,1,0
1,3,0,S0_full_support,17,19,1.1863898499716172,0.2600340075597077,0.015625,0,1,1,1,1,1,0
2,4,0,S2_rare_cells,18,29,1.1914495606981235,1.2212453270876722e-15,5.551115123125783e-17,0,0,1,1,1,1,0
2,4,0,S3_nonestimable_cells,18,29,1.1919052556642613,1.2212453270876722e-15,5.551115123125783e-17,0,0,1,1,1,1,0
2,4,0,S2_rare_cells,18,30,1.1944729510134484,1.2212453270876722e-15,5.551115123125783e-17,0,0,1,1,1,1,0
2,4,0,S3_nonestimable_cells,18,30,1.1945603698640825,1.2212453270876722e-15,5.551115123125783e-17,0,0,1,1,1,1,0
2,4,0,S0_full_support,18,29,1.196138924973314,1.2212453270876722e-15,5.551115123125783e-17,0,0,1,1,1,1,0
2,4,0,S0_full_support,18,30,1.1987689872644844,1.2212453270876722e-15,5.551115123125783e-17,0,0,1,1,1,1,0
0,2,1,S0_full_support,10,14,1.208923023780795,0.16072555104623215,0.020833333333333315,1,1,1,1,1,1,0
0,2,1,S0_full_support,12,20,1.209589620651345,0.1625484299967419,0.006944444444444475,0,1,1,1,1,1,0
0,2,1,S3_nonestimable_cells,12,19,1.2112110123994317,0.16254842999674063,0.00694444444444442,0,1,1,1,1,1,0
0,2,1,S3_nonestimable_cells,11,16,1.2116125153052215,0.2844597524942974,0.01215277777777779,0,1,1,1,1,1,0
0,2,1,S3_nonestimable_cells,10,13,1.2135206461994963,0.2013626585454173,0.01909722222222221,0,0,1,1,1,1,0
0,2,1,S0_full_support,12,21,1.2150864573264608,0.20318553749592708,0.00868055555555558,0,1,1,1,1,1,0
0,2,1,S2_rare_cells,10,13,1.2173574392878905,0.2013626585454173,0.01909722222222221,0,0,1,1,1,1,0
0,2,0,S3_nonestimable_cells,14,19,1.2186545946226894,0.08791458230617477,0.011487271993311177,0,1,1,1,1,1,0
1,5,0,S3_nonestimable_cells,8,9,1.2204924718051706,1.0790386468526454,0.026041666666666713,1,1,1,1,1,1,0
0,2,0,S0_full_support,14,19,1.2213872301063877,0.08791458230617477,0.011487271993311177,0,1,1,1,1,1,0
0,5,1,S3_nonestimable_cells,17,18,1.2245688044414285,0.37020722874955153,0.015625000000000056,0,0,1,1,1,1,0
0,5,1,S2_rare_cells,17,18,1.236285332828347,0.37020722874955153,0.015625000000000056,0,0,1,1,1,1,0
1,1,0,S0_full_support,15,18,1.2370469599637348,0.2537383223886016,0.02430555555555558,1,0,1,1,1,1,0
0,2,0,S2_rare_cells,14,19,1.2401078991107533,0.08791458230617477,0.011487271993311177,0,1,1,1,1,1,0
0,2,1,S2_rare_cells,12,20,1.2413617983273422,0.1625484299967419,0.006944444444444475,0,1,1,1,1,1,0
0,2,1,S0_full_support,10,13,1.2439601540250773,0.2013626585454173,0.01909722222222221,0,0,1,1,1,1,0
0,2,1,S2_rare_cells,12,21,1.2508555321376726,0.20318553749592708,0.00868055555555558,0,1,1,1,1,1,0
0,1,0,S3_nonestimable_cells,7,8,1.2519920372288196,0.23017216802945914,0.012152777777777679,0,1,1,1,1,1,0
0,2,1,S2_rare_cells,10,19,1.257117488185371,0.120088443547047,0.02256944444444442,1,1,1,1,1,1,0
0,2,1,S3_nonestimable_cells,10,19,1.2636359970257713,0.120088443547047,0.02256944444444442,1,1,1,1,1,1,0
0,2,1,S3_nonestimable_cells,10,15,1.2637303876427812,0.12008844354704569,0.022569444444444475,1,1,1,1,1,1,0
0,2,1,S3_nonestimable_cells,12,20,1.2678643062203094,0.1625484299967419,0.006944444444444475,0,1,1,1,1,1,0
0,5,1,S0_full_support,17,18,1.2689442362540513,0.37020722874955153,0.015625000000000056,0,0,1,1,1,1,0
